Avi TimeStamp, Frame,Spot x,Spot y,Pupil x,Pupil y,Pupil r,Scene x,Scene y
 0:00:00.00, 5384, 397.08,155.36,398.90,171.87,56.13,327.66,479.75
 0:00:00.07, 5385, 395.96,157.09,-2000.00,-2000.00,-2000.00,324.14,474.10
 0:00:00.12, 5386, 394.69,157.50,394.71,174.42,55.73,320.53,482.12
 0:00:00.17, 5387, 393.35,157.08,391.92,174.63,55.74,315.55,483.08
 0:00:00.21, 5388, 392.01,156.73,389.26,173.96,55.73,310.26,482.96
 0:00:00.26, 5389, 391.44,156.08,387.49,171.23,56.80,306.20,487.97
 0:00:00.31, 5390, 390.50,156.00,386.31,174.31,55.90,303.68,482.82
 0:00:00.35, 5391, 388.15,159.26,382.52,180.34,55.51,298.27,469.96
 0:00:00.40, 5392, 386.24,165.39,379.18,190.30,55.05,293.41,455.85
 0:00:00.44, 5393, 386.34,168.09,379.27,193.48,55.29,293.70,454.50
 0:00:00.49, 5394, 388.96,170.91,384.77,198.44,55.09,303.97,449.45
 0:00:00.54, 5395, 389.40,171.37,385.52,197.93,54.93,306.12,451.77
 0:00:00.58, 5396, 389.85,170.03,385.99,195.68,54.80,306.52,456.66
 0:00:00.63, 5397, 390.20,168.61,386.88,193.72,54.81,307.77,458.84
 0:00:00.68, 5398, 391.47,167.10,388.67,189.82,55.15,310.72,464.55
 0:00:00.72, 5399, 393.02,164.47,390.79,187.19,54.69,313.14,468.32
 0:00:00.77, 5400, 394.35,161.25,393.21,182.65,54.75,316.42,471.80
 0:00:00.81, 5401, 395.87,156.86,395.88,176.33,54.91,320.92,478.62
 0:00:00.86, 5402, 397.20,153.03,397.90,171.43,55.03,323.92,482.37
 0:00:00.90, 5403, 396.78,152.05,397.37,170.07,55.11,322.68,481.19
 0:00:00.95, 5404, 396.37,151.42,-2000.00,-2000.00,-2000.00,321.35,483.22
 0:00:00.99, 5405, 394.57,149.90,-2000.00,-2000.00,-2000.00,315.46,488.14
 0:00:01.04, 5406, 394.87,151.18,394.75,168.15,55.03,319.08,483.68
 0:00:01.09, 5407, 395.05,152.86,395.42,169.48,55.57,321.66,482.79
 0:00:01.13, 5408, 394.87,156.68,395.21,176.22,54.64,321.94,474.63
 0:00:01.18, 5409, 393.99,159.57,393.54,179.52,54.71,319.13,471.64
 0:00:01.23, 5410, 393.07,161.39,392.12,180.00,55.01,316.73,475.16
 0:00:01.27, 5411, 392.60,162.47,391.40,183.44,54.72,315.97,472.39
 0:00:01.32, 5412, 392.51,163.08,391.71,183.34,54.63,317.08,471.92
 0:00:01.36, 5413, 392.74,162.83,391.44,182.70,54.71,316.61,474.42
 0:00:01.41, 5414, 396.86,162.48,399.33,184.72,54.83,329.96,470.00
 0:00:01.45, 5415, 398.17,162.30,401.37,186.82,55.18,333.80,462.49
 0:00:01.50, 5416, 398.17,162.30,401.04,187.15,55.13,332.56,459.18
 0:00:01.55, 5417, 397.36,164.31,399.93,190.12,55.34,330.54,454.61
 0:00:01.59, 5418, 397.00,168.00,399.36,195.16,54.91,330.16,448.89
 0:00:01.64, 5419, 396.72,170.83,399.00,198.52,55.06,329.79,447.27
 0:00:01.68, 5420, 398.07,169.79,400.61,196.20,55.59,332.02,453.59
 0:00:01.73, 5421, 401.85,168.03,405.98,199.25,55.17,339.19,445.55
 0:00:01.78, 5422, 402.24,167.92,406.69,198.02,55.24,338.51,441.06
 0:00:01.82, 5423, 401.30,166.77,404.93,196.24,55.37,335.33,444.71
 0:00:01.87, 5424, 399.75,166.11,402.03,194.20,55.60,330.10,447.80
 0:00:01.91, 5425, 398.53,164.31,399.80,192.41,55.37,326.06,450.48
 0:00:01.96, 5426, 393.98,164.81,392.82,192.93,55.38,314.92,447.93
 0:00:02.01, 5427, 393.82,163.38,391.36,190.33,55.65,313.07,452.46
 0:00:02.05, 5428, 393.31,160.00,389.60,185.56,55.50,307.69,458.70
 0:00:02.10, 5429, 393.97,157.50,390.54,182.64,55.95,308.04,460.11
 0:00:02.14, 5430, 394.25,156.08,390.73,180.01,55.53,307.73,461.95
 0:00:02.19, 5431, 394.60,156.02,390.51,179.58,55.48,306.22,462.53
 0:00:02.24, 5432, 394.85,156.13,391.07,180.93,55.46,306.21,460.12
 0:00:02.28, 5433, 395.50,155.97,392.27,181.52,55.64,308.49,457.54
 0:00:02.33, 5434, 396.10,157.31,393.85,183.68,55.70,311.75,453.41
 0:00:02.37, 5435, 397.89,160.43,397.38,188.81,55.92,318.92,446.42
 0:00:02.42, 5436, 398.47,161.59,398.54,191.03,55.82,321.41,444.17
 0:00:02.46, 5437, 399.14,160.73,400.00,190.00,55.82,324.26,445.59
 0:00:02.51, 5438, 400.61,159.21,402.78,187.81,55.83,329.49,447.90
 0:00:02.56, 5439, 402.09,158.05,405.77,185.99,55.89,335.05,449.62
 0:00:02.60, 5440, 404.06,157.92,409.31,185.75,55.94,341.58,449.40
 0:00:02.65, 5441, 406.25,157.82,413.46,185.94,56.03,348.90,448.83
 0:00:02.69, 5442, 411.22,158.72,423.23,188.88,55.83,366.82,443.00
 0:00:02.74, 5443, 412.24,155.92,425.24,183.36,55.94,371.24,450.66
 0:00:02.79, 5444, 415.57,156.11,430.63,183.83,55.69,380.31,449.65
 0:00:02.83, 5445, 418.25,155.85,435.53,182.75,55.73,387.97,451.59
 0:00:02.88, 5446, 419.83,155.87,437.98,182.51,55.73,391.88,452.69
 0:00:02.92, 5447, 420.52,155.15,439.97,181.06,55.76,395.36,455.33
 0:00:02.97, 5448, 419.24,155.92,438.75,182.56,55.63,395.11,452.92
 0:00:03.02, 5449, 417.72,156.75,435.99,180.70,55.44,391.66,457.82
 0:00:03.06, 5450, 414.28,154.56,432.15,174.00,55.75,386.79,473.71
 0:00:03.11, 5451, 403.26,201.00,-2000.00,-2000.00,-2000.00,352.80,319.74
 0:00:03.15, 5452, 401.26,227.82,-2000.00,-2000.00,-2000.00,346.42,227.77
 0:00:03.20, 5453, -2000.00,-2000.00,-2000.00,-2000.00,-2000.00,-2000.00,-2000.00
 0:00:03.25, 5454, -2000.00,-2000.00,-2000.00,-2000.00,-2000.00,-2000.00,-2000.00
 0:00:03.29, 5455, -2000.00,-2000.00,-2000.00,-2000.00,-2000.00,-2000.00,-2000.00
 0:00:03.34, 5456, -2000.00,-2000.00,-2000.00,-2000.00,-2000.00,-2000.00,-2000.00
 0:00:03.38, 5457, -2000.00,-2000.00,-2000.00,-2000.00,-2000.00,-2000.00,-2000.00
 0:00:03.43, 5458, -2000.00,-2000.00,-2000.00,-2000.00,-2000.00,-2000.00,-2000.00
 0:00:03.47, 5459, -2000.00,-2000.00,-2000.00,-2000.00,-2000.00,-2000.00,-2000.00
 0:00:03.51, 5460, -2000.00,-2000.00,-2000.00,-2000.00,-2000.00,-2000.00,-2000.00
 0:00:03.56, 5461, -2000.00,-2000.00,-2000.00,-2000.00,-2000.00,-2000.00,-2000.00
 0:00:03.60, 5462, -2000.00,-2000.00,-2000.00,-2000.00,-2000.00,-2000.00,-2000.00
 0:00:03.65, 5463, -2000.00,-2000.00,-2000.00,-2000.00,-2000.00,-2000.00,-2000.00
 0:00:03.69, 5464, -2000.00,-2000.00,-2000.00,-2000.00,-2000.00,-2000.00,-2000.00
 0:00:03.74, 5465, -2000.00,-2000.00,-2000.00,-2000.00,-2000.00,-2000.00,-2000.00
 0:00:03.78, 5466, -2000.00,-2000.00,-2000.00,-2000.00,-2000.00,-2000.00,-2000.00
 0:00:03.83, 5467, 399.44,242.31,404.49,327.44,42.89,342.52,234.19
 0:00:03.87, 5468, 377.81,217.17,-2000.00,-2000.00,-2000.00,274.12,327.09
 0:00:03.92, 5469, -2000.00,-2000.00,-2000.00,-2000.00,-2000.00,-2000.00,-2000.00
 0:00:03.97, 5470, -2000.00,-2000.00,-2000.00,-2000.00,-2000.00,-2000.00,-2000.00
 0:00:04.01, 5471, 383.54,127.47,-2000.00,-2000.00,-2000.00,288.35,616.31
 0:00:04.05, 5472, 387.96,134.71,384.60,139.29,51.59,305.37,554.93
 0:00:04.10, 5473, 390.90,139.23,388.30,149.37,51.63,312.46,506.63
 0:00:04.15, 5474, 392.86,143.54,390.27,157.03,51.29,312.57,493.78
 0:00:04.19, 5475, 394.40,145.95,392.31,162.04,51.15,313.53,486.77
 0:00:04.24, 5476, 389.32,144.06,382.55,158.49,51.41,294.80,491.98
 0:00:04.29, 5477, 390.05,145.48,384.16,160.95,51.29,297.35,487.98
 0:00:04.33, 5478, 392.87,144.68,388.73,159.39,51.50,305.27,491.00
 0:00:04.38, 5479, 393.55,143.09,389.57,157.06,51.79,305.59,494.23
 0:00:04.42, 5480, 393.40,142.40,389.70,156.56,51.66,305.64,493.67
 0:00:04.47, 5481, 393.41,141.72,-2000.00,-2000.00,-2000.00,305.66,495.91
 0:00:04.51, 5482, 393.25,142.08,-2000.00,-2000.00,-2000.00,305.14,494.72
 0:00:04.56, 5483, 393.08,142.67,-2000.00,-2000.00,-2000.00,304.61,492.79
 0:00:04.61, 5484, 392.89,142.43,-2000.00,-2000.00,-2000.00,303.99,493.55
 0:00:04.65, 5485, 392.38,140.79,-2000.00,-2000.00,-2000.00,302.29,498.87
 0:00:04.70, 5486, 391.40,139.38,-2000.00,-2000.00,-2000.00,299.04,503.45
 0:00:04.75, 5487, 391.53,138.10,-2000.00,-2000.00,-2000.00,299.43,507.64
 0:00:04.80, 5488, 390.98,137.33,-2000.00,-2000.00,-2000.00,297.63,510.11
 0:00:04.85, 5489, 390.43,137.89,-2000.00,-2000.00,-2000.00,295.86,508.28
 0:00:04.89, 5490, 390.13,138.49,-2000.00,-2000.00,-2000.00,294.88,506.27
 0:00:04.94, 5491, 389.86,138.86,-2000.00,-2000.00,-2000.00,294.03,505.05
 0:00:04.99, 5492, 392.35,139.33,-2000.00,-2000.00,-2000.00,302.13,503.66
 0:00:05.04, 5493, 392.23,138.97,-2000.00,-2000.00,-2000.00,301.73,504.82
 0:00:05.09, 5494, 391.65,138.85,-2000.00,-2000.00,-2000.00,299.84,505.18
 0:00:05.14, 5495, 391.12,137.26,-2000.00,-2000.00,-2000.00,298.05,510.34
 0:00:05.19, 5496, 389.66,126.82,385.14,123.62,54.88,299.45,546.74
 0:00:05.24, 5497, 387.09,121.44,-2000.00,-2000.00,-2000.00,290.99,564.35
 0:00:05.28, 5498, 385.93,116.91,-2000.00,-2000.00,-2000.00,287.16,579.27
 0:00:05.33, 5499, 385.49,113.66,-2000.00,-2000.00,-2000.00,285.66,590.02
 0:00:05.38, 5500, 385.94,115.32,-2000.00,-2000.00,-2000.00,287.16,584.53
 0:00:05.43, 5501, 388.12,124.16,-2000.00,-2000.00,-2000.00,294.40,555.43
 0:00:05.47, 5502, 388.30,129.97,381.47,127.74,60.22,295.00,542.63
 0:00:05.52, 5503, 387.27,135.27,-2000.00,-2000.00,-2000.00,291.82,525.17
 0:00:05.57, 5504, 387.56,138.80,-2000.00,-2000.00,-2000.00,292.85,513.60
 0:00:05.62, 5505, 387.93,141.06,-2000.00,-2000.00,-2000.00,294.15,506.23
 0:00:05.67, 5506, 382.41,229.32,-2000.00,-2000.00,-2000.00,279.51,212.88
 0:00:05.71, 5507, -2000.00,-2000.00,-2000.00,-2000.00,-2000.00,-2000.00,-2000.00
 0:00:05.76, 5508, -2000.00,-2000.00,-2000.00,-2000.00,-2000.00,-2000.00,-2000.00
 0:00:05.81, 5509, -2000.00,-2000.00,-2000.00,-2000.00,-2000.00,-2000.00,-2000.00
 0:00:05.85, 5510, -2000.00,-2000.00,-2000.00,-2000.00,-2000.00,-2000.00,-2000.00
 0:00:05.90, 5511, -2000.00,-2000.00,-2000.00,-2000.00,-2000.00,-2000.00,-2000.00
 0:00:05.95, 5512, -2000.00,-2000.00,-2000.00,-2000.00,-2000.00,-2000.00,-2000.00
 0:00:05.99, 5513, -2000.00,-2000.00,-2000.00,-2000.00,-2000.00,-2000.00,-2000.00
 0:00:06.04, 5514, -2000.00,-2000.00,-2000.00,-2000.00,-2000.00,-2000.00,-2000.00
 0:00:06.09, 5515, -2000.00,-2000.00,-2000.00,-2000.00,-2000.00,-2000.00,-2000.00
 0:00:06.13, 5516, -2000.00,-2000.00,-2000.00,-2000.00,-2000.00,-2000.00,-2000.00
 0:00:06.18, 5517, -2000.00,-2000.00,-2000.00,-2000.00,-2000.00,-2000.00,-2000.00
 0:00:06.23, 5518, -2000.00,-2000.00,-2000.00,-2000.00,-2000.00,-2000.00,-2000.00
 0:00:06.27, 5519, -2000.00,-2000.00,-2000.00,-2000.00,-2000.00,-2000.00,-2000.00
 0:00:06.32, 5520, -2000.00,-2000.00,-2000.00,-2000.00,-2000.00,-2000.00,-2000.00
 0:00:06.37, 5521, -2000.00,-2000.00,-2000.00,-2000.00,-2000.00,-2000.00,-2000.00
 0:00:06.42, 5522, -2000.00,-2000.00,-2000.00,-2000.00,-2000.00,-2000.00,-2000.00
 0:00:06.46, 5523, -2000.00,-2000.00,-2000.00,-2000.00,-2000.00,-2000.00,-2000.00
 0:00:06.51, 5524, -2000.00,-2000.00,-2000.00,-2000.00,-2000.00,-2000.00,-2000.00
 0:00:06.56, 5525, -2000.00,-2000.00,-2000.00,-2000.00,-2000.00,-2000.00,-2000.00
 0:00:06.60, 5526, 397.62,231.83,392.31,312.72,46.13,310.39,253.12
 0:00:06.65, 5527, 371.09,205.76,-2000.00,-2000.00,-2000.00,226.19,349.40
 0:00:06.70, 5528, -2000.00,-2000.00,-2000.00,-2000.00,-2000.00,-2000.00,-2000.00
 0:00:06.75, 5529, 377.71,120.56,-2000.00,-2000.00,-2000.00,242.64,620.75
 0:00:06.79, 5530, 381.39,123.00,377.56,117.37,51.32,285.40,582.54
 0:00:06.84, 5531, 385.90,132.58,-2000.00,-2000.00,-2000.00,300.20,551.12
 0:00:06.89, 5532, 388.77,139.03,386.30,142.51,52.14,316.80,519.20
 0:00:06.93, 5533, 391.69,144.84,389.69,156.02,52.18,315.18,504.17
 0:00:06.98, 5534, 392.92,145.25,390.76,158.30,51.93,313.62,497.85
 0:00:07.02, 5535, 393.00,146.00,390.88,160.65,51.72,312.34,492.08
 0:00:07.07, 5536, 389.78,147.63,385.04,162.50,51.88,302.06,488.82
 0:00:07.11, 5537, 390.32,148.03,386.45,163.04,51.86,304.97,489.67
 0:00:07.16, 5538, 391.42,147.19,388.36,161.63,52.01,308.77,492.14
 0:00:07.21, 5539, 392.13,146.62,390.22,160.95,52.33,312.38,492.71
 0:00:07.25, 5540, 392.22,146.05,390.87,158.62,52.44,314.61,496.59
 0:00:07.30, 5541, 391.11,146.21,388.63,159.58,52.50,311.12,495.95
 0:00:07.34, 5542, 403.91,151.90,417.15,170.58,52.13,365.48,478.06
 0:00:07.39, 5543, 404.84,154.10,416.00,172.79,52.71,367.66,476.17
 0:00:07.43, 5544, 403.77,155.78,413.66,174.40,52.93,359.55,476.86
 0:00:07.48, 5545, 403.11,156.21,412.45,176.16,53.06,356.95,475.45
 0:00:07.53, 5546, 403.06,155.92,411.75,174.62,53.19,355.20,477.49
 0:00:07.57, 5547, 400.22,157.36,408.17,174.30,53.21,349.41,480.66
 0:00:07.62, 5548, 390.06,203.64,-2000.00,-2000.00,-2000.00,318.66,329.64
 0:00:07.66, 5549, 394.37,211.67,398.09,274.29,51.08,336.05,326.55
 0:00:07.71, 5550, 395.48,210.44,398.17,272.41,52.03,335.38,340.38
 0:00:07.75, 5551, 395.71,208.85,397.97,267.62,52.43,331.99,348.70
 0:00:07.80, 5552, 395.77,207.51,397.70,265.38,52.61,330.39,353.94
 0:00:07.85, 5553, 393.92,209.08,395.70,263.31,52.78,327.51,359.70
 0:00:07.89, 5554, 390.00,213.00,390.43,264.20,53.00,321.57,367.81
 0:00:07.94, 5555, 396.24,211.36,400.52,261.11,52.92,340.35,379.44
 0:00:07.98, 5556, 393.63,210.82,398.04,259.49,53.42,336.14,382.24
 0:00:08.03, 5557, 391.67,212.49,394.45,260.50,53.45,332.82,382.50
 0:00:08.07, 5558, 388.94,213.92,390.23,258.64,53.42,325.97,390.66
 0:00:08.12, 5559, 386.91,212.66,386.15,254.48,53.72,319.36,403.30
 0:00:08.16, 5560, 383.32,211.62,380.52,251.90,53.84,309.73,409.52
 0:00:08.21, 5561, 374.18,206.00,364.50,241.52,53.85,283.04,426.02
 0:00:08.26, 5562, 371.25,198.97,357.89,232.98,54.17,271.03,435.42
 0:00:08.30, 5563, 369.05,193.40,353.24,225.17,54.44,260.50,439.85
 0:00:08.35, 5564, 366.94,191.92,349.78,222.41,54.80,253.85,440.30
 0:00:08.39, 5565, 365.13,192.68,347.35,221.12,54.93,250.68,443.36
 0:00:08.44, 5566, 362.93,193.44,345.14,218.43,54.91,249.18,452.58
 0:00:08.48, 5567, 363.01,182.82,345.55,202.17,54.91,252.03,480.37
 0:00:08.53, 5568, 361.08,171.60,343.35,185.43,55.58,249.35,498.68
 0:00:08.58, 5569, 357.70,179.70,338.54,201.83,54.52,244.08,465.86
 0:00:08.62, 5570, 351.38,198.08,331.45,225.11,54.93,237.54,435.78
 0:00:08.67, 5571, 350.25,206.08,330.90,233.81,55.64,243.64,440.41
 0:00:08.71, 5572, 351.31,210.41,332.66,238.77,55.75,248.60,442.43
 0:00:08.76, 5573, 353.28,211.06,335.11,241.35,55.45,251.80,441.79
 0:00:08.81, 5574, 357.90,204.61,340.61,234.46,55.73,257.48,448.43
 0:00:08.85, 5575, 359.29,205.82,342.30,235.64,56.00,256.09,440.81
 0:00:08.90, 5576, 359.93,203.28,342.89,231.51,55.96,255.37,448.07
 0:00:08.94, 5577, 339.05,202.16,313.77,226.03,56.17,209.52,455.20
 0:00:08.99, 5578, 338.94,203.67,313.39,225.78,56.18,220.76,461.26
 0:00:09.03, 5579, 339.39,199.62,312.29,219.10,56.55,216.75,474.54
 0:00:09.08, 5580, 337.12,197.73,307.42,215.49,57.06,204.77,478.11
 0:00:09.13, 5581, 333.60,197.83,300.63,214.95,57.11,191.23,478.48
 0:00:09.17, 5582, 334.02,201.84,300.61,222.67,56.94,190.08,466.82
 0:00:09.22, 5583, 331.19,204.77,296.05,224.76,58.06,181.19,465.32
 0:00:09.26, 5584, 329.67,208.21,293.70,230.00,57.09,178.10,461.58
 0:00:09.31, 5585, 328.62,209.89,291.58,232.74,57.66,174.59,459.09
 0:00:09.36, 5586, 328.99,210.62,291.94,235.18,57.01,174.69,455.30
 0:00:09.40, 5587, 329.53,211.03,291.79,237.74,56.98,172.99,449.06
 0:00:09.45, 5588, 329.48,212.20,291.33,240.65,57.32,170.29,441.96
 0:00:09.49, 5589, 325.70,218.83,287.32,245.11,55.03,164.84,438.29
 0:00:09.54, 5590, -2000.00,-2000.00,-2000.00,-2000.00,-2000.00,-2000.00,-2000.00
 0:00:09.58, 5591, -2000.00,-2000.00,-2000.00,-2000.00,-2000.00,-2000.00,-2000.00
 0:00:09.63, 5592, 322.56,213.28,285.76,228.89,52.32,169.78,477.64
 0:00:09.67, 5593, 323.19,202.09,283.42,219.82,56.56,168.30,490.93
 0:00:09.72, 5594, 321.83,191.46,279.39,203.30,57.40,155.25,500.43
 0:00:09.77, 5595, 319.19,184.79,274.01,193.47,57.83,143.27,509.02
 0:00:09.81, 5596, 314.76,176.16,264.15,176.68,63.16,124.03,532.11
 0:00:09.86, 5597, 311.87,185.05,-2000.00,-2000.00,-2000.00,113.94,501.79
 0:00:09.90, 5598, 311.32,188.06,-2000.00,-2000.00,-2000.00,111.84,491.55
 0:00:09.95, 5599, 311.36,187.85,-2000.00,-2000.00,-2000.00,112.02,492.27
 0:00:09.00, 5600, 312.48,187.61,261.35,187.40,66.80,117.69,519.89
 0:00:10.05, 5601, 314.05,188.09,264.25,192.36,65.35,124.71,523.35
 0:00:10.09, 5602, 316.10,189.25,-2000.00,-2000.00,-2000.00,131.32,519.62
 0:00:10.14, 5603, 308.01,201.18,255.87,227.80,57.03,109.85,454.43
 0:00:10.19, 5604, 313.19,202.00,263.22,229.03,57.50,124.47,443.12
 0:00:10.23, 5605, 318.50,202.00,270.89,230.47,56.89,133.85,440.81
 0:00:10.28, 5606, 324.21,203.68,279.92,232.54,56.95,146.51,437.10
 0:00:10.33, 5607, 329.81,205.20,288.87,234.66,57.67,160.14,436.39
 0:00:10.37, 5608, 337.92,211.00,303.71,242.18,57.27,186.17,429.36
 0:00:10.42, 5609, 331.68,215.51,292.90,247.35,57.68,166.42,425.87
 0:00:10.46, 5610, 324.28,214.01,286.40,243.84,57.68,161.20,435.75
 0:00:10.51, 5611, 332.44,212.21,297.23,242.02,57.61,187.46,440.19
 0:00:10.56, 5612, 338.29,210.61,306.32,238.90,57.51,197.22,443.89
 0:00:10.60, 5613, 342.34,209.97,313.01,236.21,57.58,206.60,449.40
 0:00:10.65, 5614, 345.34,209.88,317.97,236.15,57.72,214.21,451.36
 0:00:10.69, 5615, 349.43,208.08,323.83,237.29,57.36,222.83,447.52
 0:00:10.74, 5616, 350.83,208.30,326.16,238.76,57.30,224.85,439.85
 0:00:10.79, 5617, 352.45,210.15,329.05,245.34,56.98,230.09,427.42
 0:00:10.83, 5618, 353.53,210.10,330.84,246.18,57.08,233.22,422.96
 0:00:10.88, 5619, 355.20,210.37,333.38,247.42,56.90,237.22,419.97
 0:00:10.93, 5620, 356.83,210.43,335.95,247.30,57.08,240.83,419.74
 0:00:10.97, 5621, 356.87,210.75,335.72,247.64,56.91,239.60,419.57
 0:00:11.02, 5622, 354.58,207.19,331.41,241.21,56.79,231.03,428.98
 0:00:11.06, 5623, 353.30,203.16,328.87,234.84,56.82,225.86,436.94
 0:00:11.11, 5624, 351.09,202.05,325.51,231.36,57.00,219.97,440.84
 0:00:11.15, 5625, 349.00,200.00,322.02,227.13,56.80,214.66,448.55
 0:00:11.20, 5626, 346.89,197.21,318.09,223.72,56.81,207.81,452.55
 0:00:11.25, 5627, 344.31,197.34,313.78,223.99,56.97,200.22,449.28
 0:00:11.29, 5628, 342.05,199.48,310.18,225.34,57.45,194.67,448.26
 0:00:11.34, 5629, 342.77,198.24,311.21,223.51,57.02,197.00,454.17
 0:00:11.38, 5630, 342.35,196.56,311.48,220.47,56.92,197.92,458.23
 0:00:11.43, 5631, 329.27,186.51,293.22,202.79,57.70,170.85,484.02
 0:00:11.47, 5632, 331.62,186.19,296.21,201.72,57.53,182.76,483.67
 0:00:11.52, 5633, 334.06,185.92,300.14,201.65,57.05,187.69,484.23
 0:00:11.57, 5634, 336.89,185.79,303.88,201.75,57.33,192.53,483.56
 0:00:11.61, 5635, 341.05,188.73,310.90,208.27,57.00,202.85,472.75
 0:00:11.66, 5636, 342.48,191.16,314.05,211.53,56.71,208.27,467.99
 0:00:11.70, 5637, 344.06,192.63,316.38,212.64,57.14,212.71,469.12
 0:00:11.75, 5638, 346.43,192.38,319.93,211.69,57.07,217.71,473.10
 0:00:11.80, 5639, 349.80,189.81,324.70,208.48,57.30,224.05,478.01
 0:00:11.84, 5640, 346.58,182.21,318.91,195.57,56.91,211.72,495.05
 0:00:11.89, 5641, 345.75,180.05,319.20,194.19,57.41,213.92,493.21
 0:00:11.93, 5642, 349.91,177.78,324.04,191.65,57.45,222.67,493.43
 0:00:11.98, 5643, 352.94,176.08,328.23,190.06,57.43,225.43,492.98
 0:00:12.02, 5644, 355.66,174.46,332.55,189.33,57.33,230.84,491.10
 0:00:12.07, 5645, 357.72,175.17,335.77,190.37,57.46,235.33,487.07
 0:00:12.12, 5646, 359.33,176.21,338.09,192.98,57.39,238.29,483.11
 0:00:12.16, 5647, 360.75,177.88,340.62,195.30,57.18,241.99,479.52
 0:00:12.21, 5648, 362.11,178.21,342.52,196.50,57.33,244.84,478.55
 0:00:12.25, 5649, 363.36,176.31,343.76,196.36,57.33,245.42,476.36
 0:00:12.30, 5650, 362.67,176.21,342.77,195.89,57.42,242.53,473.25
 0:00:12.35, 5651, 361.80,173.80,341.23,192.81,57.36,240.12,477.47
 0:00:12.39, 5652, 360.45,170.37,338.67,188.08,57.66,235.48,481.89
 0:00:12.44, 5653, 359.74,169.71,337.18,185.69,57.52,232.50,483.82
 0:00:12.48, 5654, 360.87,169.61,339.11,186.05,57.64,235.60,484.19
 0:00:12.53, 5655, 364.13,170.15,344.12,187.81,57.77,243.65,480.72
 0:00:12.58, 5656, 364.58,169.78,345.58,186.97,57.48,245.50,481.48
 0:00:12.62, 5657, 365.35,166.61,345.94,183.67,56.94,246.06,485.30
 0:00:12.67, 5658, 376.97,154.66,368.30,165.11,57.32,285.14,510.06
 0:00:12.71, 5659, 375.67,156.07,367.66,165.10,57.44,286.86,505.61
 0:00:12.76, 5660, 375.35,155.33,366.91,164.38,57.40,287.61,509.44
 0:00:12.81, 5661, 375.52,154.18,367.21,163.42,57.05,287.90,509.46
 0:00:12.85, 5662, 378.59,153.95,372.68,163.24,57.31,297.48,508.32
 0:00:12.90, 5663, 382.00,153.93,-2000.00,-2000.00,-2000.00,308.55,508.54
 0:00:12.94, 5664, 384.89,153.79,-2000.00,-2000.00,-2000.00,317.91,509.13
 0:00:12.99, 5665, 386.02,154.23,-2000.00,-2000.00,-2000.00,321.57,507.71
 0:00:13.04, 5666, 366.19,143.55,-2000.00,-2000.00,-2000.00,256.87,541.65
 0:00:13.08, 5667, 354.09,141.98,-2000.00,-2000.00,-2000.00,217.42,545.84
 0:00:13.13, 5668, 355.63,146.51,-2000.00,-2000.00,-2000.00,222.47,530.98
 0:00:13.18, 5669, 362.50,150.19,-2000.00,-2000.00,-2000.00,244.98,519.48
 0:00:13.23, 5670, 356.58,157.16,-2000.00,-2000.00,-2000.00,225.72,495.95
 0:00:13.28, 5671, 350.66,166.69,-2000.00,-2000.00,-2000.00,206.36,463.88
 0:00:13.33, 5672, 353.68,167.70,-2000.00,-2000.00,-2000.00,216.49,461.12
 0:00:13.37, 5673, 355.68,167.97,-2000.00,-2000.00,-2000.00,223.14,460.59
 0:00:13.42, 5674, 358.03,170.43,-2000.00,-2000.00,-2000.00,231.07,453.03
 0:00:13.47, 5675, 358.28,172.05,-2000.00,-2000.00,-2000.00,232.00,447.90
 0:00:13.52, 5676, 357.94,172.67,-2000.00,-2000.00,-2000.00,230.93,445.86
 0:00:13.57, 5677, 356.74,172.63,-2000.00,-2000.00,-2000.00,226.93,445.81
 0:00:13.62, 5678, 355.52,171.86,-2000.00,-2000.00,-2000.00,222.82,448.03
 0:00:13.67, 5679, 342.33,173.73,310.10,191.05,56.80,188.63,465.54
 0:00:13.72, 5680, 343.12,176.17,310.53,194.17,57.40,193.70,474.76
 0:00:13.77, 5681, 345.93,178.21,314.18,198.02,56.09,197.72,470.79
 0:00:13.81, 5682, 348.21,180.23,317.90,202.28,55.93,202.16,464.31
 0:00:13.86, 5683, 350.82,181.30,321.73,204.71,55.26,207.77,460.38
 0:00:13.90, 5684, 357.26,182.14,333.58,211.14,54.84,228.29,448.59
 0:00:13.95, 5685, 358.78,181.79,334.94,210.06,54.71,229.68,445.63
 0:00:13.00, 5686, 359.68,181.30,336.21,210.37,54.41,229.78,444.86
 0:00:14.04, 5687, 360.03,180.13,337.04,208.79,54.11,230.92,445.68
 0:00:14.09, 5688, 360.59,179.95,337.78,208.30,54.04,232.27,445.78
 0:00:14.13, 5689, 359.85,182.29,336.56,209.98,53.71,229.83,444.65
 0:00:14.18, 5690, 359.20,182.23,335.55,209.25,53.62,228.21,449.20
 0:00:14.22, 5691, 359.34,182.06,335.34,208.63,53.46,227.64,450.93
 0:00:14.27, 5692, 359.73,181.35,336.04,207.22,53.38,228.23,453.47
 0:00:14.31, 5693, 359.77,181.47,335.90,207.11,53.18,227.79,453.76
 0:00:14.36, 5694, 359.42,182.25,335.57,208.10,53.25,227.20,452.81
 0:00:14.41, 5695, 359.40,182.44,335.17,207.74,53.13,226.54,454.33
 0:00:14.45, 5696, 359.91,181.34,335.91,205.74,53.03,227.15,458.24
 0:00:14.50, 5697, 361.84,179.87,339.07,204.85,52.87,232.30,458.61
 0:00:14.54, 5698, 363.07,179.79,341.83,204.20,52.51,237.20,457.91
 0:00:14.59, 5699, 363.85,180.13,343.60,206.08,52.86,241.37,455.02
 0:00:14.63, 5700, 364.41,183.53,344.45,211.98,52.37,243.45,445.05
 0:00:14.68, 5701, 364.00,186.00,344.18,216.29,52.18,243.28,439.64
 0:00:14.73, 5702, 363.85,186.03,343.37,217.29,52.29,242.05,438.27
 0:00:14.77, 5703, 361.82,183.63,339.43,212.48,52.56,233.89,444.46
 0:00:14.82, 5704, 356.13,187.88,329.93,218.86,51.71,217.40,434.57
 0:00:14.86, 5705, 355.19,187.76,326.91,217.48,51.69,211.90,439.24
 0:00:14.91, 5706, 354.11,186.81,324.87,215.95,51.68,206.29,442.29
 0:00:14.95, 5707, 353.05,187.13,323.16,215.54,51.85,203.23,442.86
 0:00:14.00, 5708, 352.97,187.36,322.56,215.38,52.07,202.05,444.45
 0:00:15.05, 5709, 353.27,187.39,323.23,215.42,51.66,202.74,445.13
 0:00:15.09, 5710, 354.82,188.00,325.64,216.86,51.73,207.00,443.01
 0:00:15.14, 5711, 355.37,188.73,326.77,218.48,51.53,208.67,440.26
 0:00:15.18, 5712, 355.43,189.92,327.36,220.29,51.32,210.39,437.67
 0:00:15.23, 5713, 355.55,190.25,327.42,221.03,51.13,211.00,437.12
 0:00:15.27, 5714, 355.58,190.22,327.30,221.73,50.94,210.44,435.54
 0:00:15.32, 5715, 355.55,189.47,326.96,220.28,51.01,209.32,436.91
 0:00:15.36, 5716, 355.31,188.41,326.32,220.02,51.09,207.62,436.20
 0:00:15.41, 5717, 356.66,186.10,329.41,214.84,51.15,213.37,443.07
 0:00:15.45, 5718, 356.60,186.18,329.78,215.23,50.99,215.28,442.98
 0:00:15.50, 5719, 356.85,186.03,329.18,215.63,50.74,213.97,441.69
 0:00:15.54, 5720, 357.00,186.00,329.85,214.71,50.80,214.08,442.85
 0:00:15.59, 5721, 357.78,185.79,330.72,214.34,50.71,215.69,444.37
 0:00:15.63, 5722, 358.08,185.00,331.11,213.20,50.70,215.50,445.88
 0:00:15.68, 5723, 358.17,184.30,331.31,212.61,50.73,215.67,445.94
 0:00:15.72, 5724, 359.69,186.16,333.46,215.77,50.29,219.21,440.61
 0:00:15.77, 5725, 359.68,185.77,334.39,214.83,50.42,220.80,442.88
 0:00:15.81, 5726, 359.84,185.48,334.69,214.44,50.25,222.61,443.65
 0:00:15.86, 5727, 359.98,185.19,334.92,214.38,50.26,223.03,443.31
 0:00:15.90, 5728, 357.18,186.00,328.03,216.76,50.50,209.04,437.76
 0:00:15.95, 5729, 357.17,186.37,329.17,216.25,50.09,209.74,438.48
 0:00:15.99, 5730, 356.98,186.90,329.14,217.48,49.84,211.53,437.88
 0:00:16.04, 5731, 357.19,187.26,328.83,216.97,49.90,210.79,439.11
 0:00:16.08, 5732, 356.85,187.87,329.10,217.54,49.97,211.08,439.83
 0:00:16.13, 5733, 356.58,187.78,327.80,218.41,49.88,209.23,438.50
 0:00:16.17, 5734, 356.26,187.68,328.07,217.17,49.93,209.34,439.90
 0:00:16.22, 5735, 356.42,187.27,327.13,217.46,49.54,207.73,439.86
 0:00:16.26, 5736, 356.34,187.00,327.56,216.63,49.77,207.35,440.12
 0:00:16.31, 5737, 356.10,186.78,327.39,216.40,49.81,208.01,440.72
 0:00:16.35, 5738, 356.02,186.68,326.84,215.89,50.19,207.02,441.38
 0:00:16.40, 5739, 355.75,186.61,326.43,216.51,49.90,205.84,440.25
 0:00:16.44, 5740, 357.88,187.71,331.18,218.16,50.34,215.42,437.76
 0:00:16.49, 5741, 359.91,188.05,334.06,219.53,49.12,221.11,436.24
 0:00:16.53, 5742, 360.09,187.95,333.87,219.54,49.27,219.23,435.31
 0:00:16.58, 5743, 360.03,187.87,333.79,219.20,49.60,218.42,435.66
 0:00:16.62, 5744, 359.83,187.70,333.51,219.51,49.25,218.03,435.00
 0:00:16.67, 5745, 356.22,179.30,329.61,204.02,49.85,212.86,457.83
 0:00:16.71, 5746, 356.69,179.84,329.79,204.95,50.18,216.29,455.02
 0:00:16.76, 5747, 357.14,179.52,329.55,204.33,50.04,214.01,456.05
 0:00:16.80, 5748, 357.41,179.52,330.00,204.50,50.00,213.40,455.63
 0:00:16.85, 5749, 357.47,179.25,329.61,204.81,49.75,212.23,454.47
 0:00:16.89, 5750, 357.19,179.09,329.11,204.52,49.98,210.65,453.93
 0:00:16.94, 5751, 357.08,178.97,328.89,203.59,50.22,210.22,455.69
 0:00:16.98, 5752, 357.26,179.27,328.77,204.11,50.53,209.60,455.59
 0:00:17.03, 5753, 359.55,181.17,332.95,208.19,49.80,216.73,449.47
 0:00:17.07, 5754, 359.57,181.37,333.39,207.63,50.15,217.83,450.65
 0:00:17.12, 5755, 359.83,181.70,333.93,207.95,50.22,219.36,451.42
 0:00:17.16, 5756, 359.98,181.83,334.15,208.23,50.31,219.79,451.36
 0:00:17.21, 5757, 359.91,181.95,333.99,209.03,49.97,219.44,449.77
 0:00:17.25, 5758, 377.20,167.82,366.93,183.52,50.49,278.88,490.45
 0:00:17.30, 5759, 377.41,168.05,368.19,183.20,50.06,283.50,488.21
 0:00:17.34, 5760, 377.54,168.15,368.18,183.73,50.08,284.43,488.05
 0:00:17.39, 5761, 378.10,168.02,368.11,184.12,49.91,283.09,486.70
 0:00:17.43, 5762, 378.20,168.18,368.16,183.89,49.94,281.62,486.63
 0:00:17.48, 5763, 378.05,168.43,367.75,184.87,49.71,280.64,485.38
 0:00:17.52, 5764, 374.68,167.83,360.08,182.65,50.05,265.53,488.61
 0:00:17.57, 5765, 373.70,168.18,360.10,183.30,49.96,265.12,488.66
 0:00:17.62, 5766, 373.56,168.52,359.24,184.83,49.69,265.51,485.84
 0:00:17.66, 5767, 372.72,168.17,357.62,185.31,49.81,261.80,483.47
 0:00:17.71, 5768, 371.43,168.23,355.59,185.96,49.87,258.37,480.82
 0:00:17.75, 5769, 370.62,169.17,353.60,186.62,49.86,254.86,479.73
 0:00:17.80, 5770, 369.95,169.55,353.05,186.89,50.08,253.77,480.83
 0:00:17.84, 5771, 370.43,169.78,353.52,187.33,49.67,255.15,480.69
 0:00:17.89, 5772, 369.79,168.74,352.91,187.42,49.74,254.01,479.44
 0:00:17.93, 5773, 369.47,167.34,351.44,185.87,49.58,251.40,478.88
 0:00:17.98, 5774, 368.57,166.08,350.09,184.35,49.66,248.07,479.34
 0:00:18.02, 5775, 367.19,166.34,347.49,184.43,49.78,243.76,478.23
 0:00:18.07, 5776, 365.48,166.32,345.25,183.81,49.93,240.35,479.86
 0:00:18.11, 5777, 364.43,165.91,342.63,183.48,50.12,236.22,480.59
 0:00:18.16, 5778, 363.89,165.79,341.45,182.66,50.05,233.00,481.54
 0:00:18.21, 5779, 363.26,166.29,340.52,184.83,50.27,231.30,477.99
 0:00:18.25, 5780, 362.55,168.38,338.94,187.59,50.17,228.59,472.97
 0:00:18.30, 5781, 362.06,169.41,338.48,187.60,50.47,227.75,475.53
 0:00:18.34, 5782, 364.58,165.27,343.81,182.35,49.85,238.40,485.01
 0:00:18.39, 5783, 365.15,163.97,343.21,180.20,50.21,236.87,484.85
 0:00:18.43, 5784, 365.52,162.17,344.08,178.94,50.42,236.44,485.15
 0:00:18.48, 5785, 366.02,162.16,344.65,178.98,50.60,237.46,482.58
 0:00:18.52, 5786, 365.85,163.29,344.48,179.30,50.66,236.81,482.96
 0:00:18.57, 5787, 364.73,164.50,342.40,181.58,50.90,233.24,481.32
 0:00:18.61, 5788, 362.84,165.87,338.35,183.97,50.44,225.48,477.54
 0:00:18.66, 5789, 361.09,168.05,335.95,186.16,50.69,221.07,475.36
 0:00:18.70, 5790, 360.20,168.20,334.74,187.94,50.38,220.32,474.06
 0:00:18.75, 5791, 360.02,168.23,333.97,187.90,50.85,219.12,472.56
 0:00:18.79, 5792, 359.30,168.22,333.37,188.35,50.51,218.09,471.64
 0:00:18.84, 5793, 359.32,168.40,332.32,187.34,50.73,216.21,473.39
 0:00:18.88, 5794, 359.32,169.30,332.47,188.38,50.65,215.15,473.52
 0:00:18.93, 5795, 358.35,172.38,330.75,196.49,50.08,212.46,460.20
 0:00:18.97, 5796, 357.77,174.49,330.05,198.73,50.12,211.62,455.61
 0:00:19.02, 5797, 356.84,175.97,328.71,199.64,50.25,209.93,457.25
 0:00:19.07, 5798, 356.36,176.56,328.25,199.90,50.51,209.90,459.50
 0:00:19.11, 5799, 356.70,177.22,328.83,200.12,50.54,211.46,460.79
 0:00:19.16, 5800, 354.98,175.84,326.46,196.58,51.03,207.69,467.84
 0:00:19.20, 5801, 356.11,176.21,327.49,198.83,50.45,209.76,464.34
 0:00:19.25, 5802, 356.82,175.03,328.90,197.39,50.28,211.04,464.66
 0:00:19.29, 5803, 357.15,175.97,329.49,198.11,50.37,212.26,463.17
 0:00:19.34, 5804, 357.25,175.82,330.09,196.93,50.49,213.62,466.82
 0:00:19.38, 5805, 357.07,175.89,329.81,197.31,50.49,213.70,467.02
 0:00:19.43, 5806, 358.72,171.06,333.38,188.58,49.16,220.54,480.64
 0:00:19.47, 5807, 361.43,168.23,338.36,184.46,51.03,230.20,485.77
 0:00:19.52, 5808, 362.43,168.23,339.51,184.20,50.36,231.74,484.68
 0:00:19.56, 5809, 363.00,167.69,340.49,183.53,50.71,232.53,485.85
 0:00:19.61, 5810, 364.55,178.71,343.72,202.44,49.95,239.00,457.10
 0:00:19.65, 5811, 364.97,179.87,343.92,202.72,50.00,239.33,461.24
 0:00:19.70, 5812, 364.60,180.02,342.97,202.65,50.04,236.60,463.58
 0:00:19.75, 5813, 364.09,180.05,342.56,203.62,50.00,235.96,461.95
 0:00:19.79, 5814, 363.93,179.92,342.17,203.63,50.12,235.90,460.85
 0:00:19.84, 5815, 363.47,179.09,341.60,203.54,50.51,234.99,459.87
 0:00:19.88, 5816, 359.00,174.84,333.16,197.03,50.83,219.77,466.85
 0:00:19.93, 5817, 359.44,172.08,333.89,194.74,50.51,220.71,466.69
 0:00:19.97, 5818, 359.98,171.84,334.25,195.12,50.72,220.79,462.17
 0:00:20.02, 5819, 360.31,172.00,334.56,196.38,50.81,220.31,458.76
 0:00:20.06, 5820, 360.98,171.84,335.51,195.98,50.77,221.42,458.51
 0:00:20.11, 5821, 361.69,172.00,336.57,196.13,50.65,222.75,458.51
 0:00:20.16, 5822, 361.69,172.00,336.92,194.87,50.77,223.33,461.35
 0:00:20.20, 5823, 360.13,170.39,334.46,192.04,50.83,219.60,466.82
 0:00:20.25, 5824, -2000.00,-2000.00,-2000.00,-2000.00,-2000.00,-2000.00,-2000.00
 0:00:20.29, 5825, 430.92,189.35,-2000.00,-2000.00,-2000.00,449.40,406.30
 0:00:20.33, 5826, 408.55,369.69,-2000.00,-2000.00,-2000.00,380.76,-200.58
 0:00:20.38, 5827, -2000.00,-2000.00,-2000.00,-2000.00,-2000.00,-2000.00,-2000.00
 0:00:20.42, 5828, -2000.00,-2000.00,-2000.00,-2000.00,-2000.00,-2000.00,-2000.00
 0:00:20.47, 5829, -2000.00,-2000.00,-2000.00,-2000.00,-2000.00,-2000.00,-2000.00
 0:00:20.51, 5830, -2000.00,-2000.00,-2000.00,-2000.00,-2000.00,-2000.00,-2000.00
 0:00:20.56, 5831, -2000.00,-2000.00,-2000.00,-2000.00,-2000.00,-2000.00,-2000.00
 0:00:20.60, 5832, -2000.00,-2000.00,-2000.00,-2000.00,-2000.00,-2000.00,-2000.00
 0:00:20.64, 5833, -2000.00,-2000.00,-2000.00,-2000.00,-2000.00,-2000.00,-2000.00
 0:00:20.69, 5834, 336.86,176.79,-2000.00,-2000.00,-2000.00,141.11,441.08
 0:00:20.74, 5835, -2000.00,-2000.00,-2000.00,-2000.00,-2000.00,-2000.00,-2000.00
 0:00:20.78, 5836, 550.47,217.13,-2000.00,-2000.00,-2000.00,833.42,313.13
 0:00:20.83, 5837, 410.82,173.45,-2000.00,-2000.00,-2000.00,384.43,459.32
 0:00:20.88, 5838, 470.56,182.76,-2000.00,-2000.00,-2000.00,576.44,427.92
 0:00:20.93, 5839, 440.96,191.00,-2000.00,-2000.00,-2000.00,481.66,400.64
 0:00:20.98, 5840, 430.47,191.59,-2000.00,-2000.00,-2000.00,448.03,398.82
 0:00:21.03, 5841, 434.15,198.20,-2000.00,-2000.00,-2000.00,459.97,376.69
 0:00:21.08, 5842, -2000.00,-2000.00,-2000.00,-2000.00,-2000.00,-2000.00,-2000.00
 0:00:21.12, 5843, 465.95,216.01,-2000.00,-2000.00,-2000.00,562.28,316.87
 0:00:21.17, 5844, -2000.00,-2000.00,-2000.00,-2000.00,-2000.00,-2000.00,-2000.00
 0:00:21.22, 5845, -2000.00,-2000.00,-2000.00,-2000.00,-2000.00,-2000.00,-2000.00
 0:00:21.27, 5846, -2000.00,-2000.00,-2000.00,-2000.00,-2000.00,-2000.00,-2000.00
 0:00:21.31, 5847, 299.07,164.96,-2000.00,-2000.00,-2000.00,21.02,478.78
 0:00:21.36, 5848, 285.71,144.56,-2000.00,-2000.00,-2000.00,-20.30,547.41
 0:00:21.41, 5849, 282.40,124.22,218.58,143.60,61.64,36.50,517.45
 0:00:21.46, 5850, 296.72,136.06,-2000.00,-2000.00,-2000.00,80.82,477.94
 0:00:21.51, 5851, 326.99,156.75,278.23,154.60,54.36,156.43,410.88
 0:00:21.56, 5852, 331.52,159.30,-2000.00,-2000.00,-2000.00,172.52,404.16
 0:00:21.60, 5853, 315.48,153.09,264.67,150.98,52.77,109.93,483.71
 0:00:21.65, 5854, 325.50,158.69,281.39,157.47,55.77,149.35,532.57
 0:00:21.70, 5855, 338.11,166.42,301.27,174.18,53.04,179.85,510.56
 0:00:21.74, 5856, 343.59,168.84,312.09,179.69,53.97,195.67,500.62
 0:00:21.79, 5857, 349.16,169.27,319.98,182.49,53.87,208.95,494.90
 0:00:21.83, 5858, 355.75,168.69,329.54,182.64,53.26,221.04,492.39
 0:00:21.88, 5859, 360.09,168.72,337.21,182.91,54.01,231.28,490.83
 0:00:21.92, 5860, 363.46,167.47,343.66,182.89,53.43,242.74,489.76
 0:00:21.97, 5861, 367.17,166.70,350.21,181.53,53.57,254.61,489.56
 0:00:22.01, 5862, 362.32,168.53,342.82,183.27,53.53,242.31,487.16
 0:00:22.06, 5863, 363.49,170.36,344.67,185.34,53.43,247.36,486.91
 0:00:22.11, 5864, 364.82,168.97,346.84,184.14,53.29,250.60,489.85
 0:00:22.15, 5865, 365.66,167.08,347.75,182.78,53.41,251.35,489.11
 0:00:22.20, 5866, 365.66,167.29,347.75,183.14,53.25,250.59,485.92
 0:00:22.24, 5867, 365.31,167.16,346.88,183.34,53.28,248.85,485.37
 0:00:22.29, 5868, 364.80,167.44,345.48,184.31,52.69,245.66,483.02
 0:00:22.33, 5869, 360.64,167.49,337.88,182.40,52.94,231.40,486.18
 0:00:22.38, 5870, 358.82,165.64,334.22,178.99,52.42,224.52,493.41
 0:00:22.43, 5871, 357.88,165.45,332.86,177.85,52.11,221.94,495.20
 0:00:22.47, 5872, 369.29,165.43,353.27,179.23,51.85,258.59,494.27
 0:00:22.52, 5873, 368.86,166.92,354.29,180.50,51.59,261.28,491.66
 0:00:22.56, 5874, 368.95,168.92,353.04,184.61,51.23,260.29,486.84
 0:00:22.61, 5875, 368.86,170.92,353.10,186.77,51.36,258.76,484.22
 0:00:22.65, 5876, 371.47,173.62,357.78,189.91,51.26,267.34,482.58
 0:00:22.70, 5877, 368.88,175.28,351.17,194.57,50.74,253.95,476.54
 0:00:22.74, 5878, 368.33,176.48,351.88,193.71,51.10,254.19,478.19
 0:00:22.79, 5879, 368.59,175.87,352.33,194.27,51.31,257.17,479.95
 0:00:22.84, 5880, 368.45,175.73,352.51,192.49,51.57,257.81,481.69
 0:00:22.88, 5881, 368.43,175.53,352.76,191.41,51.53,259.01,485.39
 0:00:22.93, 5882, 368.35,175.55,352.57,189.05,51.37,258.94,491.12
 0:00:22.97, 5883, 367.90,177.03,351.90,192.97,51.67,257.87,486.83
 0:00:23.02, 5884, 364.55,175.28,-2000.00,-2000.00,-2000.00,246.83,492.19
 0:00:23.06, 5885, 361.30,173.58,340.11,187.88,52.37,237.16,492.44
 0:00:23.11, 5886, 361.73,173.65,340.95,188.73,52.55,239.14,488.77
 0:00:23.16, 5887, 362.27,173.34,341.30,189.13,52.42,239.34,486.85
 0:00:23.20, 5888, 362.45,172.92,341.46,188.56,52.55,238.66,486.51
 0:00:23.25, 5889, 361.89,172.81,340.41,189.71,52.78,236.57,483.60
 0:00:23.29, 5890, 360.51,172.86,337.72,190.37,53.09,231.59,480.61
 0:00:23.34, 5891, 360.14,172.37,336.58,189.66,53.37,228.92,480.90
 0:00:23.38, 5892, 359.66,172.09,335.02,190.40,52.78,224.95,478.59
 0:00:23.43, 5893, 359.54,172.53,335.06,190.37,52.94,224.37,477.69
 0:00:23.47, 5894, 359.21,172.95,334.60,191.28,52.91,224.01,477.15
 0:00:23.52, 5895, 359.09,173.23,334.34,191.85,53.22,223.70,476.16
 0:00:23.57, 5896, 358.93,173.35,334.30,192.35,52.81,223.79,475.23
 0:00:23.61, 5897, 359.10,172.36,334.82,189.19,53.18,225.19,480.70
 0:00:23.66, 5898, 359.03,172.32,334.65,189.04,53.25,225.11,482.21
 0:00:23.70, 5899, 358.92,171.93,333.99,189.13,53.28,223.50,481.63
 0:00:23.75, 5900, 358.76,171.74,334.54,188.70,53.21,224.59,481.45
 0:00:23.79, 5901, 353.16,176.49,324.71,198.58,52.90,208.46,464.66
 0:00:23.84, 5902, 353.85,177.06,325.59,198.21,52.99,210.28,465.82
 0:00:23.89, 5903, 353.98,177.58,325.59,199.13,53.06,209.56,466.00
 0:00:23.93, 5904, 353.83,178.06,325.80,198.84,52.70,210.01,467.28
 0:00:23.98, 5905, 353.44,177.84,325.35,199.56,53.03,210.07,466.86
 0:00:24.02, 5906, 353.44,178.07,325.25,198.83,52.79,210.16,467.42
 0:00:24.07, 5907, 353.25,178.05,325.21,199.24,52.91,210.19,467.81
 0:00:24.11, 5908, 353.02,178.06,324.67,198.95,52.67,209.53,467.91
 0:00:24.16, 5909, 352.80,177.72,324.26,199.04,52.57,208.65,467.66
 0:00:24.21, 5910, 352.62,173.38,325.56,191.37,52.76,212.27,478.87
 0:00:24.25, 5911, 352.99,173.57,325.38,191.49,52.63,213.40,477.66
 0:00:24.30, 5912, 352.96,173.42,325.45,191.42,52.58,212.47,477.88
 0:00:24.34, 5913, 353.01,173.18,325.27,191.06,52.23,212.08,478.14
 0:00:24.39, 5914, 353.08,173.06,325.63,190.66,52.26,212.56,478.75
 0:00:24.43, 5915, 353.04,173.14,325.45,191.21,52.33,212.48,477.83
 0:00:24.48, 5916, 356.47,174.71,331.62,194.32,51.94,223.44,472.93
 0:00:24.52, 5917, 356.17,174.68,330.91,193.34,52.22,221.85,474.98
 0:00:24.57, 5918, 357.43,172.16,332.46,188.03,52.09,223.70,484.71
 0:00:24.61, 5919, 357.84,169.87,333.87,184.42,52.01,225.73,490.35
 0:00:24.66, 5920, 358.25,167.88,334.16,181.60,51.57,226.72,493.24
 0:00:24.71, 5921, 358.20,165.00,334.06,175.66,51.62,225.87,501.62
 0:00:24.75, 5922, 357.93,162.53,333.65,171.92,51.99,225.16,507.15
 0:00:24.80, 5923, 361.78,163.61,339.97,173.38,52.21,236.01,504.17
 0:00:24.84, 5924, 361.81,162.38,340.85,170.96,52.27,237.26,508.87
 0:00:24.89, 5925, 361.94,162.07,341.54,171.47,51.91,239.95,507.46
 0:00:24.93, 5926, 362.28,161.38,341.64,171.42,52.12,240.32,505.66
 0:00:24.98, 5927, 362.75,162.69,343.25,174.53,52.09,243.19,499.05
 0:00:25.02, 5928, 363.19,166.79,343.59,181.52,51.75,244.48,487.97
 0:00:25.07, 5929, 363.68,171.38,344.42,190.48,51.47,245.48,475.16
 0:00:25.11, 5930, 364.08,175.60,344.71,196.84,51.07,245.68,466.46
 0:00:25.16, 5931, 363.91,177.00,344.31,199.07,51.23,244.30,465.43
 0:00:25.21, 5932, 372.88,184.83,-2000.00,-2000.00,-2000.00,274.15,441.23
 0:00:25.25, 5933, 384.16,184.77,379.25,213.60,50.52,304.94,444.82
 0:00:25.30, 5934, 384.23,181.72,378.43,207.74,51.42,299.74,455.21
 0:00:25.34, 5935, 383.19,179.23,376.80,203.89,51.39,295.77,460.37
 0:00:25.39, 5936, 382.56,177.92,375.10,202.84,51.21,292.68,459.96
 0:00:25.43, 5937, 381.30,178.48,373.37,202.46,51.65,289.37,459.60
 0:00:25.48, 5938, 379.98,180.45,371.23,207.17,51.38,286.69,453.29
 0:00:25.52, 5939, 378.89,181.54,368.88,210.08,51.27,282.70,447.54
 0:00:25.57, 5940, 374.84,186.68,362.11,218.31,51.33,271.08,434.77
 0:00:25.62, 5941, 375.47,186.90,363.16,218.37,51.16,273.64,437.15
 0:00:25.66, 5942, 376.00,186.45,363.88,217.18,51.22,274.52,439.57
 0:00:25.71, 5943, 376.50,185.54,364.23,216.00,51.27,274.29,441.37
 0:00:25.75, 5944, 376.30,184.83,363.32,214.19,51.35,271.42,443.65
 0:00:25.80, 5945, 375.39,183.83,362.45,213.18,51.32,269.79,445.10
 0:00:25.85, 5946, 374.29,182.40,360.43,210.96,51.31,267.19,447.16
 0:00:25.89, 5947, 372.33,180.89,356.44,208.34,51.00,259.70,450.17
 0:00:25.94, 5948, 372.30,178.46,356.47,204.90,51.02,259.21,454.40
 0:00:25.98, 5949, 372.04,176.51,356.29,201.67,50.92,259.20,457.61
 0:00:26.03, 5950, 370.92,174.94,354.24,198.50,50.67,255.84,461.80
 0:00:26.07, 5951, 369.38,173.61,351.54,196.52,50.56,251.03,464.45
 0:00:26.12, 5952, 368.02,173.67,349.22,196.20,50.50,247.17,464.27
 0:00:26.16, 5953, 367.51,174.71,348.09,197.28,50.52,245.25,463.45
 0:00:26.21, 5954, 368.86,176.92,350.31,201.70,50.14,248.87,457.67
 0:00:26.26, 5955, 368.51,176.70,349.78,201.22,50.12,247.66,458.47
 0:00:26.30, 5956, 367.87,176.86,348.71,200.64,50.11,245.93,459.81
 0:00:26.35, 5957, 367.34,177.88,347.44,201.75,50.06,243.55,459.39
 0:00:26.39, 5958, 364.49,175.03,343.65,194.91,50.33,237.36,471.59
 0:00:26.44, 5959, 364.43,175.87,343.34,196.83,50.47,238.57,469.57
 0:00:26.48, 5960, 364.91,177.00,342.99,198.55,50.33,236.66,466.81
 0:00:26.53, 5961, 365.05,177.26,344.23,197.63,50.31,238.02,469.68
 0:00:26.58, 5962, 365.31,177.17,344.37,197.21,50.12,239.27,472.04
 0:00:26.62, 5963, 365.22,177.35,343.83,197.23,49.93,237.54,472.35
 0:00:26.67, 5964, 364.82,178.24,343.56,197.89,50.09,236.92,472.19
 0:00:26.71, 5965, 363.59,179.70,341.44,199.34,50.40,233.86,471.71
 0:00:26.76, 5966, 363.17,180.09,340.97,201.01,49.97,233.49,470.16
 0:00:26.80, 5967, 364.47,179.65,342.98,201.29,50.16,237.20,468.35
 0:00:26.85, 5968, 365.07,176.08,343.66,197.94,50.24,237.54,470.53
 0:00:26.89, 5969, 365.44,176.08,344.27,198.14,50.16,238.11,466.07
 0:00:26.94, 5970, 365.67,176.09,344.21,197.89,50.24,237.49,466.38
 0:00:26.98, 5971, 365.85,176.12,344.96,197.30,50.05,238.54,467.98
 0:00:27.03, 5972, 366.01,177.18,345.54,198.88,49.95,240.39,466.49
 0:00:27.07, 5973, 345.58,170.35,-2000.00,-2000.00,-2000.00,172.48,485.81
 0:00:27.12, 5974, 336.29,166.72,-2000.00,-2000.00,-2000.00,141.91,496.80
 0:00:27.16, 5975, 332.94,163.96,-2000.00,-2000.00,-2000.00,131.11,505.82
 0:00:27.21, 5976, 335.61,166.42,-2000.00,-2000.00,-2000.00,139.70,497.75
 0:00:27.26, 5977, 337.49,167.46,-2000.00,-2000.00,-2000.00,145.81,494.46
 0:00:27.31, 5978, 339.86,168.19,-2000.00,-2000.00,-2000.00,153.62,492.28
 0:00:27.35, 5979, 343.39,169.49,-2000.00,-2000.00,-2000.00,165.24,488.39
 0:00:27.40, 5980, 348.27,170.62,315.61,181.08,51.32,188.70,496.04
 0:00:27.45, 5981, 349.87,171.41,319.70,183.62,51.43,200.47,496.76
 0:00:27.50, 5982, 350.81,170.97,320.65,183.49,50.37,203.06,495.65
 0:00:27.55, 5983, 374.46,183.59,362.78,210.24,50.06,277.15,453.87
 0:00:27.59, 5984, 374.31,181.32,362.09,208.56,49.63,274.00,453.75
 0:00:27.64, 5985, 372.75,179.50,358.86,203.36,49.54,267.29,459.57
 0:00:27.68, 5986, 371.85,177.70,357.03,201.78,49.81,263.34,462.50
 0:00:27.72, 5987, 371.27,176.60,355.67,197.52,49.87,260.33,468.05
 0:00:27.77, 5988, 370.49,178.12,354.46,199.36,50.08,257.98,467.83
 0:00:27.82, 5989, 370.43,178.49,354.11,199.99,49.81,257.44,468.15
 0:00:27.86, 5990, 370.57,178.44,354.42,200.15,49.89,257.71,467.90
 0:00:27.91, 5991, 370.60,178.25,354.88,200.60,49.86,258.97,466.54
 0:00:27.95, 5992, 369.75,177.27,352.99,196.16,50.01,255.73,473.89
 0:00:27.00, 5993, 369.31,177.17,352.50,197.45,50.09,254.69,473.62
 0:00:28.04, 5994, 368.97,176.29,352.18,197.82,50.03,254.83,470.38
 0:00:28.09, 5995, 367.20,174.00,348.46,194.35,50.45,248.15,472.86
 0:00:28.14, 5996, 366.33,173.06,346.41,191.68,50.63,243.41,476.13
 0:00:28.18, 5997, 365.51,171.81,345.08,189.55,51.00,240.49,480.05
 0:00:28.23, 5998, 363.10,173.49,341.65,191.34,50.74,235.41,477.38
 0:00:28.27, 5999, -2000.00,-2000.00,-2000.00,-2000.00,-2000.00,-2000.00,-2000.00
 0:00:28.32, 6000, -2000.00,-2000.00,-2000.00,-2000.00,-2000.00,-2000.00,-2000.00
 0:00:28.36, 6001, 354.95,384.70,-2000.00,-2000.00,-2000.00,215.04,-232.01
 0:00:28.40, 6002, 368.40,179.55,-2000.00,-2000.00,-2000.00,253.16,458.45
 0:00:28.45, 6003, 369.45,178.92,353.31,198.37,51.41,257.74,470.59
 0:00:28.50, 6004, 370.27,178.35,354.65,198.22,51.96,259.97,474.55
 0:00:28.55, 6005, 370.91,177.34,355.25,197.96,50.74,260.38,473.03
 0:00:28.59, 6006, 371.15,176.59,355.30,197.40,50.81,259.43,471.54
 0:00:28.64, 6007, 369.29,175.40,351.87,196.25,50.77,252.77,471.54
 0:00:28.68, 6008, 369.28,175.41,351.90,195.90,50.69,252.85,470.95
 0:00:28.73, 6009, 369.31,175.17,351.94,196.33,51.11,252.97,470.20
 0:00:28.77, 6010, 368.39,174.62,350.69,194.69,51.23,251.04,472.05
 0:00:28.82, 6011, 365.27,175.45,345.35,196.89,51.12,242.41,468.54
 0:00:28.86, 6012, 365.73,175.57,346.21,197.33,51.21,244.49,467.28
 0:00:28.91, 6013, 366.05,175.36,346.90,196.64,51.36,245.82,468.34
 0:00:28.95, 6014, 366.20,175.19,347.25,195.42,51.43,246.58,471.02
 0:00:29.00, 6015, 366.49,173.46,347.67,193.17,51.39,247.29,474.93
 0:00:29.05, 6016, 366.89,172.79,347.83,191.44,51.40,246.94,476.58
 0:00:29.09, 6017, 367.40,173.33,349.42,191.47,51.29,249.55,477.55
 0:00:29.14, 6018, 367.32,174.29,349.40,192.91,51.22,250.50,476.65
 0:00:29.18, 6019, 367.81,174.06,350.70,192.19,50.98,253.31,478.54
 0:00:29.23, 6020, 369.50,173.21,352.48,190.22,51.29,255.85,482.16
 0:00:29.27, 6021, 368.82,173.37,352.45,190.41,50.98,255.10,482.16
 0:00:29.32, 6022, 368.30,173.50,352.16,191.47,51.05,256.77,480.26
 0:00:29.37, 6023, 368.32,173.12,352.05,191.20,50.87,257.34,479.61
 0:00:29.41, 6024, 368.03,172.13,351.23,189.79,50.78,255.41,481.00
 0:00:29.46, 6025, 367.60,172.02,350.40,188.54,50.63,253.47,482.84
 0:00:29.50, 6026, 368.09,172.05,351.27,189.73,50.53,254.96,481.49
 0:00:29.55, 6027, 368.01,171.39,350.93,189.22,50.58,254.17,480.68
 0:00:29.59, 6028, 367.93,171.06,350.94,187.78,50.50,254.04,482.51
 0:00:29.64, 6029, 367.98,171.21,350.92,188.23,50.54,254.12,482.53
 0:00:29.69, 6030, 367.99,171.57,350.81,188.99,50.49,253.70,481.11
 0:00:29.73, 6031, 367.00,171.00,348.36,187.76,50.46,248.59,482.93
 0:00:29.78, 6032, 367.55,169.59,349.32,186.33,50.39,249.42,484.61
 0:00:29.82, 6033, 368.47,168.73,-2000.00,-2000.00,-2000.00,252.40,487.48
 0:00:29.87, 6034, 368.34,167.29,348.74,184.63,50.34,246.64,484.26
 0:00:29.91, 6035, 367.42,167.62,-2000.00,-2000.00,-2000.00,243.62,483.08
 0:00:29.96, 6036, 367.07,168.82,-2000.00,-2000.00,-2000.00,242.52,479.14
 0:00:30.01, 6037, 366.69,169.10,-2000.00,-2000.00,-2000.00,241.30,478.18
 0:00:30.05, 6038, 369.44,170.91,352.55,189.68,51.16,252.42,474.40
 0:00:30.10, 6039, 369.56,171.15,351.69,189.84,51.37,252.28,476.69
 0:00:30.15, 6040, 369.68,171.28,351.61,190.77,50.55,250.50,475.14
 0:00:30.19, 6041, 369.79,171.00,351.95,189.95,50.50,250.81,475.89
 0:00:30.24, 6042, 369.65,170.85,351.84,189.57,50.56,250.93,476.81
 0:00:30.28, 6043, 369.76,171.03,351.52,189.48,50.50,250.10,477.24
 0:00:30.33, 6044, 369.59,171.03,351.44,189.50,50.50,249.46,477.65
 0:00:30.37, 6045, 369.44,170.91,351.19,189.68,50.33,249.34,477.12
 0:00:30.42, 6046, 366.00,172.00,344.58,192.86,50.28,237.36,470.66
 0:00:30.46, 6047, 365.90,172.50,345.39,192.63,50.42,239.26,470.72
 0:00:30.51, 6048, 366.01,172.52,345.43,192.58,50.35,240.47,472.19
 0:00:30.56, 6049, 365.86,172.33,345.20,193.03,50.17,239.88,471.13
 0:00:30.60, 6050, 365.82,171.67,344.67,192.57,50.16,238.62,470.50
 0:00:30.65, 6051, 365.39,171.14,343.87,191.59,50.38,236.58,471.02
 0:00:30.69, 6052, 364.91,170.97,342.85,192.06,50.26,234.63,469.68
 0:00:30.74, 6053, 364.47,171.17,342.51,192.32,49.98,234.23,468.46
 0:00:30.78, 6054, 364.36,171.25,342.37,192.49,50.11,234.63,468.34
 0:00:30.83, 6055, 364.25,171.00,342.16,192.16,50.06,234.33,468.76
 0:00:30.87, 6056, 364.37,170.97,342.04,192.14,50.15,233.82,468.57
 0:00:30.92, 6057, 364.40,171.00,341.78,192.15,49.89,232.63,468.50
 0:00:30.97, 6058, 365.27,171.25,344.20,192.19,50.07,237.26,468.91
 0:00:31.01, 6059, 366.19,170.91,345.06,191.88,49.92,239.19,469.77
 0:00:31.06, 6060, 365.97,170.39,344.98,191.07,49.98,238.25,470.52
 0:00:31.10, 6061, 365.82,170.50,344.76,191.28,49.65,238.33,469.95
 0:00:31.15, 6062, 365.63,171.12,344.31,192.32,49.82,237.52,468.35
 0:00:31.19, 6063, 365.00,172.00,343.61,192.63,49.51,236.50,468.78
 0:00:31.24, 6064, 362.76,167.09,341.56,184.08,50.09,234.92,483.31
 0:00:31.28, 6065, 362.98,167.38,341.23,184.22,49.94,236.44,481.89
 0:00:31.33, 6066, 363.82,167.64,341.81,184.07,50.00,235.72,482.92
 0:00:31.37, 6067, 364.00,168.00,341.80,184.43,49.75,234.16,483.19
 0:00:31.43, 6068, 365.26,170.10,343.97,189.08,49.44,237.58,476.03
 0:00:31.48, 6069, 365.02,170.31,343.57,188.64,49.88,236.68,476.74
 0:00:31.52, 6070, 364.76,171.00,343.01,189.09,49.82,235.64,477.35
 0:00:31.57, 6071, 364.60,171.57,342.66,189.20,49.98,234.85,478.66
 0:00:31.61, 6072, 364.36,171.51,342.51,189.59,50.13,234.75,478.88
 0:00:31.66, 6073, 364.07,170.65,342.01,188.11,50.12,234.25,480.57
 0:00:31.70, 6074, 364.11,170.57,342.17,188.45,50.00,234.67,479.52
 0:00:31.75, 6075, 364.22,170.79,342.09,188.54,50.25,234.39,479.02
 0:00:31.79, 6076, 364.22,170.79,341.97,188.62,50.14,233.73,479.18
 0:00:31.84, 6077, 362.10,170.38,337.81,188.76,50.14,225.85,478.07
 0:00:31.89, 6078, 361.69,170.51,337.78,188.20,50.16,226.03,478.38
 0:00:31.93, 6079, 361.66,169.83,337.65,187.93,50.07,226.69,479.14
 0:00:31.98, 6080, 362.07,169.71,337.83,187.63,50.38,226.43,478.45
 0:00:32.02, 6081, 362.20,169.56,338.26,188.05,50.09,226.61,477.49
 0:00:32.07, 6082, 360.16,168.87,335.12,186.71,49.92,221.70,478.67
 0:00:32.11, 6083, 360.13,168.35,334.79,185.76,49.87,221.66,480.08
 0:00:32.16, 6084, 360.20,168.29,334.91,185.71,49.72,221.50,480.00
 0:00:32.20, 6085, 360.39,168.47,334.88,185.92,49.86,221.12,479.63
 0:00:32.25, 6086, 360.62,168.13,335.57,185.91,49.73,222.08,479.52
 0:00:32.29, 6087, 359.77,170.10,334.04,189.98,49.34,219.79,472.11
 0:00:32.34, 6088, 359.79,169.57,334.17,189.46,49.22,220.14,472.58
 0:00:32.38, 6089, 359.95,169.23,334.34,188.78,49.19,220.46,473.11
 0:00:32.43, 6090, 360.04,169.14,334.44,188.61,49.26,220.40,473.36
 0:00:32.47, 6091, 359.94,168.92,334.42,187.98,49.30,220.41,474.45
 0:00:32.52, 6092, 359.94,168.92,334.33,188.05,49.30,220.40,474.49
 0:00:32.57, 6093, 359.96,169.08,334.02,187.99,49.16,219.43,474.67
 0:00:32.61, 6094, 359.90,169.00,334.13,188.48,49.01,219.35,473.96
 0:00:32.65, 6095, 359.64,169.56,333.76,189.15,49.18,219.08,472.40
 0:00:32.70, 6096, 359.65,169.91,333.69,189.12,49.15,219.01,473.33
 0:00:32.74, 6097, 359.29,170.97,333.67,189.51,49.12,219.39,474.39
 0:00:32.79, 6098, 359.12,165.00,336.77,178.30,49.46,228.48,494.31
 0:00:32.83, 6099, 359.96,165.05,336.86,179.89,49.42,231.96,490.18
 0:00:32.87, 6100, 359.88,166.00,336.96,180.58,49.65,230.46,488.06
 0:00:32.92, 6101, 360.38,166.00,336.87,180.84,49.36,229.77,488.78
 0:00:32.96, 6102, 360.90,165.44,338.06,179.77,49.68,230.76,490.23
 0:00:33.01, 6103, 361.30,164.88,337.65,179.63,49.35,229.40,489.83
 0:00:33.05, 6104, -2000.00,-2000.00,-2000.00,-2000.00,-2000.00,-2000.00,-2000.00
 0:00:33.09, 6105, 424.61,217.06,-2000.00,-2000.00,-2000.00,435.67,318.26
 0:00:33.14, 6106, 358.93,335.68,-2000.00,-2000.00,-2000.00,227.35,-83.36
 0:00:33.18, 6107, -2000.00,-2000.00,-2000.00,-2000.00,-2000.00,-2000.00,-2000.00
 0:00:33.22, 6108, 405.66,190.58,-2000.00,-2000.00,-2000.00,374.36,407.63
 0:00:33.27, 6109, -2000.00,-2000.00,-2000.00,-2000.00,-2000.00,-2000.00,-2000.00
 0:00:33.31, 6110, -2000.00,-2000.00,-2000.00,-2000.00,-2000.00,-2000.00,-2000.00
 0:00:33.36, 6111, -2000.00,-2000.00,-2000.00,-2000.00,-2000.00,-2000.00,-2000.00
 0:00:33.40, 6112, 331.44,192.63,-2000.00,-2000.00,-2000.00,128.40,391.89
 0:00:33.45, 6113, -2000.00,-2000.00,-2000.00,-2000.00,-2000.00,-2000.00,-2000.00
 0:00:33.50, 6114, -2000.00,-2000.00,-2000.00,-2000.00,-2000.00,-2000.00,-2000.00
 0:00:33.54, 6115, 343.63,167.13,-2000.00,-2000.00,-2000.00,170.79,479.84
 0:00:33.59, 6116, 408.57,187.30,-2000.00,-2000.00,-2000.00,383.61,418.36
 0:00:33.64, 6117, 402.70,169.06,-2000.00,-2000.00,-2000.00,364.06,478.44
 0:00:33.69, 6118, 414.94,178.88,-2000.00,-2000.00,-2000.00,403.79,446.02
 0:00:33.73, 6119, 368.58,173.48,-2000.00,-2000.00,-2000.00,253.69,462.80
 0:00:33.78, 6120, 458.86,211.55,-2000.00,-2000.00,-2000.00,545.42,336.56
 0:00:33.83, 6121, 410.78,156.53,-2000.00,-2000.00,-2000.00,389.70,519.75
 0:00:33.88, 6122, 386.18,163.71,-2000.00,-2000.00,-2000.00,310.50,495.63
 0:00:33.93, 6123, 419.20,166.55,-2000.00,-2000.00,-2000.00,417.10,486.73
 0:00:33.97, 6124, 447.71,231.71,-2000.00,-2000.00,-2000.00,510.00,269.01
 0:00:34.02, 6125, 428.57,217.29,-2000.00,-2000.00,-2000.00,448.37,317.47
 0:00:34.07, 6126, 471.75,193.53,-2000.00,-2000.00,-2000.00,586.42,396.73
 0:00:34.12, 6127, 468.19,197.83,-2000.00,-2000.00,-2000.00,575.09,382.37
 0:00:34.17, 6128, 467.09,199.02,-2000.00,-2000.00,-2000.00,571.57,378.39
 0:00:34.22, 6129, 500.50,205.61,-2000.00,-2000.00,-2000.00,678.88,356.31
 0:00:34.26, 6130, 501.54,207.05,-2000.00,-2000.00,-2000.00,682.25,351.49
 0:00:34.31, 6131, 502.64,207.60,-2000.00,-2000.00,-2000.00,685.77,349.65
 0:00:34.36, 6132, 502.44,208.19,-2000.00,-2000.00,-2000.00,685.14,347.67
 0:00:34.41, 6133, 501.56,208.14,567.54,251.90,87.24,611.15,379.94
 0:00:34.47, 6134, 434.80,190.18,-2000.00,-2000.00,-2000.00,396.56,440.40
 0:00:34.52, 6135, 457.68,189.00,-2000.00,-2000.00,-2000.00,469.98,443.99
 0:00:34.57, 6136, 455.50,189.00,-2000.00,-2000.00,-2000.00,462.97,444.01
 0:00:34.62, 6137, 450.06,187.12,-2000.00,-2000.00,-2000.00,445.45,450.32
 0:00:34.66, 6138, 440.42,182.14,-2000.00,-2000.00,-2000.00,414.35,466.89
 0:00:34.71, 6139, 534.24,218.25,-2000.00,-2000.00,-2000.00,716.18,346.13
 0:00:34.76, 6140, 424.08,188.02,589.51,232.62,61.88,362.37,418.26
 0:00:34.81, 6141, 422.95,191.94,-2000.00,-2000.00,-2000.00,358.88,405.43
 0:00:34.85, 6142, 382.69,191.07,-2000.00,-2000.00,-2000.00,228.83,408.36
 0:00:34.90, 6143, 422.46,178.94,-2000.00,-2000.00,-2000.00,356.81,448.06
 0:00:34.95, 6144, 379.62,186.09,-2000.00,-2000.00,-2000.00,218.01,423.04
 0:00:34.99, 6145, 445.96,176.68,-2000.00,-2000.00,-2000.00,432.25,455.20
 0:00:35.04, 6146, 413.26,178.20,-2000.00,-2000.00,-2000.00,327.14,450.57
 0:00:35.09, 6147, 412.90,178.96,-2000.00,-2000.00,-2000.00,326.01,448.12
 0:00:35.14, 6148, 413.80,181.18,-2000.00,-2000.00,-2000.00,329.03,440.89
 0:00:35.19, 6149, -2000.00,-2000.00,-2000.00,-2000.00,-2000.00,-2000.00,-2000.00
 0:00:35.23, 6150, -2000.00,-2000.00,-2000.00,-2000.00,-2000.00,-2000.00,-2000.00
 0:00:35.28, 6151, -2000.00,-2000.00,-2000.00,-2000.00,-2000.00,-2000.00,-2000.00
 0:00:35.32, 6152, -2000.00,-2000.00,-2000.00,-2000.00,-2000.00,-2000.00,-2000.00
 0:00:35.37, 6153, -2000.00,-2000.00,-2000.00,-2000.00,-2000.00,-2000.00,-2000.00
 0:00:35.41, 6154, 302.58,161.05,-2000.00,-2000.00,-2000.00,-31.19,498.36
 0:00:35.46, 6155, 287.45,138.06,-2000.00,-2000.00,-2000.00,-79.00,575.76
 0:00:35.51, 6156, 284.53,134.06,-2000.00,-2000.00,-2000.00,-88.30,589.18
 0:00:35.56, 6157, 301.83,146.35,-2000.00,-2000.00,-2000.00,-33.45,548.10
 0:00:35.60, 6158, 318.14,155.12,-2000.00,-2000.00,-2000.00,17.87,518.94
 0:00:35.65, 6159, 331.50,161.19,-2000.00,-2000.00,-2000.00,59.69,498.92
 0:00:35.70, 6160, 351.09,171.00,-2000.00,-2000.00,-2000.00,121.72,466.85
 0:00:35.75, 6161, 343.30,160.23,-2000.00,-2000.00,-2000.00,97.53,502.81
 0:00:35.79, 6162, 339.05,157.34,-2000.00,-2000.00,-2000.00,84.14,512.34
 0:00:35.84, 6163, 347.00,159.00,-2000.00,-2000.00,-2000.00,109.64,507.24
 0:00:35.89, 6164, 353.30,158.83,-2000.00,-2000.00,-2000.00,130.19,508.35
 0:00:35.93, 6165, 358.11,157.99,-2000.00,-2000.00,-2000.00,145.99,511.66
 0:00:35.98, 6166, 365.60,157.90,-2000.00,-2000.00,-2000.00,170.62,512.76
 0:00:36.03, 6167, 367.57,158.73,350.25,167.29,53.09,215.72,501.63
 0:00:36.08, 6168, 367.13,155.50,-2000.00,-2000.00,-2000.00,214.23,512.24
 0:00:36.13, 6169, 366.60,154.98,351.92,161.15,53.12,258.41,518.70
 0:00:36.17, 6170, 366.11,153.92,-2000.00,-2000.00,-2000.00,256.80,522.12
 0:00:36.22, 6171, 364.83,152.95,351.09,158.42,53.07,263.40,521.01
 0:00:36.27, 6172, 367.62,153.54,-2000.00,-2000.00,-2000.00,272.49,519.28
 0:00:36.31, 6173, 366.75,153.35,347.80,157.42,53.05,255.05,521.87
 0:00:36.36, 6174, 366.83,151.31,-2000.00,-2000.00,-2000.00,255.28,528.57
 0:00:36.40, 6175, 367.20,149.42,-2000.00,-2000.00,-2000.00,256.46,534.83
 0:00:36.45, 6176, 365.28,148.25,-2000.00,-2000.00,-2000.00,250.18,538.56
 0:00:36.49, 6177, 358.94,145.29,-2000.00,-2000.00,-2000.00,229.48,547.83
 0:00:36.54, 6178, 357.53,147.75,-2000.00,-2000.00,-2000.00,224.87,539.53
 0:00:36.59, 6179, 355.88,137.68,-2000.00,-2000.00,-2000.00,219.49,572.86
 0:00:36.64, 6180, 358.58,119.78,-2000.00,-2000.00,-2000.00,228.27,632.67
 0:00:36.69, 6181, 361.31,124.55,-2000.00,-2000.00,-2000.00,237.10,616.93
 0:00:36.73, 6182, 363.75,126.92,-2000.00,-2000.00,-2000.00,245.02,609.16
 0:00:36.78, 6183, 365.43,129.05,-2000.00,-2000.00,-2000.00,250.48,602.18
 0:00:36.83, 6184, 365.40,128.44,-2000.00,-2000.00,-2000.00,250.36,604.20
 0:00:36.88, 6185, 363.59,125.68,-2000.00,-2000.00,-2000.00,244.47,613.28
 0:00:36.93, 6186, 393.02,164.43,-2000.00,-2000.00,-2000.00,340.71,486.94
 0:00:36.98, 6187, 446.64,196.88,-2000.00,-2000.00,-2000.00,513.87,378.95
 0:00:37.03, 6188, 468.39,204.21,-2000.00,-2000.00,-2000.00,583.79,354.33
 0:00:37.07, 6189, 458.88,204.50,-2000.00,-2000.00,-2000.00,553.27,353.39
 0:00:37.12, 6190, 449.70,204.36,490.65,255.16,51.54,491.58,367.85
 0:00:37.17, 6191, 444.34,204.38,478.76,255.43,52.78,457.32,373.37
 0:00:37.22, 6192, 441.83,203.70,475.34,255.27,51.77,449.67,372.82
 0:00:37.27, 6193, 439.65,205.03,472.47,259.74,51.12,447.12,363.18
 0:00:37.31, 6194, 439.64,206.19,472.33,264.18,50.56,448.27,352.77
 0:00:37.36, 6195, 440.09,209.78,474.71,264.28,50.39,453.55,354.02
 0:00:37.40, 6196, 442.86,211.69,480.27,276.85,49.08,465.74,336.42
 0:00:37.45, 6197, 443.81,197.09,484.27,244.14,51.24,474.93,382.70
 0:00:37.50, 6198, 444.00,197.00,-2000.00,-2000.00,-2000.00,475.54,383.00
 0:00:37.54, 6199, 442.50,196.16,480.64,242.45,52.07,470.45,388.83
 0:00:37.59, 6200, 440.76,195.92,474.86,241.46,51.99,456.62,390.58
 0:00:37.63, 6201, 439.09,195.78,471.24,241.49,52.59,446.50,390.99
 0:00:37.68, 6202, 438.50,195.20,471.01,245.36,51.17,446.15,381.64
 0:00:37.73, 6203, 438.85,194.65,471.91,241.28,52.47,449.01,384.41
 0:00:37.77, 6204, 436.82,192.72,467.29,235.89,52.59,440.42,397.34
 0:00:37.82, 6205, 432.02,187.28,457.95,224.56,53.96,422.32,417.89
 0:00:37.86, 6206, 432.05,187.46,459.01,226.63,53.52,424.34,413.95
 0:00:37.91, 6207, 432.40,187.83,458.65,226.35,53.74,424.19,413.11
 0:00:37.95, 6208, 432.89,187.33,460.91,225.97,53.82,427.95,414.48
 0:00:37.00, 6209, 433.04,187.09,460.17,224.99,54.02,427.58,415.68
 0:00:38.04, 6210, 433.21,186.21,460.10,223.28,54.05,425.84,419.00
 0:00:38.09, 6211, 447.86,194.04,487.02,239.21,52.73,472.70,392.37
 0:00:38.14, 6212, 448.52,193.93,488.43,239.09,52.67,475.43,392.41
 0:00:38.18, 6213, 449.00,193.90,487.19,237.84,53.38,471.77,395.01
 0:00:38.23, 6214, 449.64,193.78,489.47,237.70,52.90,473.96,396.45
 0:00:38.27, 6215, 450.33,193.35,489.94,237.65,52.95,475.57,395.99
 0:00:38.32, 6216, 450.76,192.66,489.88,236.81,53.20,473.74,396.21
 0:00:38.36, 6217, 438.03,187.40,469.20,226.65,54.61,438.47,412.28
 0:00:38.41, 6218, 406.44,168.66,-2000.00,-2000.00,-2000.00,336.28,474.51
 0:00:38.45, 6219, 350.59,142.21,-2000.00,-2000.00,-2000.00,153.93,557.54
 0:00:38.50, 6220, 315.77,125.97,-2000.00,-2000.00,-2000.00,42.36,610.29
 0:00:38.55, 6221, 319.26,131.33,263.96,121.23,53.43,88.35,574.75
 0:00:38.59, 6222, 327.87,139.32,274.76,129.51,58.89,119.00,556.87
 0:00:38.64, 6223, 335.39,145.98,285.38,138.71,59.14,128.69,552.65
 0:00:38.69, 6224, 340.78,149.44,-2000.00,-2000.00,-2000.00,146.05,541.41
 0:00:38.73, 6225, 344.42,152.20,-2000.00,-2000.00,-2000.00,157.80,532.44
 0:00:38.78, 6226, 347.85,160.63,-2000.00,-2000.00,-2000.00,168.72,504.50
 0:00:38.82, 6227, 347.91,157.78,-2000.00,-2000.00,-2000.00,169.01,514.06
 0:00:38.87, 6228, 348.10,156.63,-2000.00,-2000.00,-2000.00,169.68,517.95
 0:00:38.92, 6229, 347.63,155.72,-2000.00,-2000.00,-2000.00,168.17,520.93
 0:00:38.97, 6230, 347.93,154.42,-2000.00,-2000.00,-2000.00,169.22,525.33
 0:00:39.02, 6231, 347.85,151.74,-2000.00,-2000.00,-2000.00,169.04,534.32
 0:00:39.07, 6232, 346.54,145.23,-2000.00,-2000.00,-2000.00,164.96,556.04
 0:00:39.11, 6233, 347.82,145.81,-2000.00,-2000.00,-2000.00,169.10,554.18
 0:00:39.16, 6234, 395.48,182.89,-2000.00,-2000.00,-2000.00,325.48,436.31
 0:00:39.21, 6235, -2000.00,-2000.00,-2000.00,-2000.00,-2000.00,-2000.00,-2000.00
 0:00:39.26, 6236, 380.94,334.19,-2000.00,-2000.00,-2000.00,282.00,-74.49
 0:00:39.31, 6237, -2000.00,-2000.00,-2000.00,-2000.00,-2000.00,-2000.00,-2000.00
 0:00:39.35, 6238, -2000.00,-2000.00,-2000.00,-2000.00,-2000.00,-2000.00,-2000.00
 0:00:39.40, 6239, -2000.00,-2000.00,-2000.00,-2000.00,-2000.00,-2000.00,-2000.00
 0:00:39.44, 6240, 368.02,168.48,-2000.00,-2000.00,-2000.00,235.38,481.25
 0:00:39.49, 6241, -2000.00,-2000.00,-2000.00,-2000.00,-2000.00,-2000.00,-2000.00
 0:00:39.54, 6242, 553.17,214.50,-2000.00,-2000.00,-2000.00,832.16,329.68
 0:00:39.59, 6243, 394.02,184.74,-2000.00,-2000.00,-2000.00,320.88,430.35
 0:00:39.64, 6244, 378.72,181.11,-2000.00,-2000.00,-2000.00,271.18,441.76
 0:00:39.69, 6245, -2000.00,-2000.00,-2000.00,-2000.00,-2000.00,-2000.00,-2000.00
 0:00:39.73, 6246, 459.11,191.95,-2000.00,-2000.00,-2000.00,530.02,405.07
 0:00:39.78, 6247, 476.09,207.06,-2000.00,-2000.00,-2000.00,584.76,354.50
 0:00:39.83, 6248, 479.86,225.67,-2000.00,-2000.00,-2000.00,597.19,292.23
 0:00:39.88, 6249, 476.02,229.10,545.85,296.42,45.90,587.82,308.18
 0:00:39.93, 6250, 472.72,230.87,-2000.00,-2000.00,-2000.00,577.25,302.26
 0:00:39.98, 6251, 470.38,232.37,534.63,308.26,48.41,571.07,297.28
 0:00:40.03, 6252, 466.93,234.83,526.28,315.02,48.55,553.78,279.48
 0:00:40.07, 6253, 466.24,235.21,522.52,319.44,48.19,542.61,268.30
 0:00:40.12, 6254, 465.54,232.71,517.71,304.76,50.40,528.00,293.68
 0:00:40.16, 6255, 464.40,230.25,518.42,308.23,49.19,527.01,294.01
 0:00:40.21, 6256, 468.21,218.82,558.64,304.62,50.82,539.32,280.58
 0:00:40.26, 6257, 468.18,219.18,551.31,299.15,46.97,609.38,271.58
 0:00:40.30, 6258, 467.40,219.72,554.77,309.28,48.17,652.74,256.84
 0:00:40.35, 6259, 477.90,230.57,551.96,302.65,46.81,686.59,220.48
 0:00:40.39, 6260, 480.11,228.55,554.70,303.54,46.12,639.83,268.81
 0:00:40.44, 6261, 472.21,219.02,559.14,301.80,46.33,614.37,288.24
 0:00:40.49, 6262, 474.28,218.82,564.18,294.28,45.17,642.81,285.30
 0:00:40.53, 6263, 466.28,209.00,565.41,297.88,44.66,683.56,318.15
 0:00:40.58, 6264, 468.21,213.90,561.91,303.14,43.37,692.34,268.54
 0:00:40.63, 6265, 431.99,211.77,-2000.00,-2000.00,-2000.00,576.12,275.72
 0:00:40.67, 6266, 426.67,212.83,543.24,328.45,39.69,559.47,191.76
 0:00:40.72, 6267, 464.10,215.88,-2000.00,-2000.00,-2000.00,679.58,181.55
 0:00:40.76, 6268, 464.50,216.00,555.74,318.90,42.93,673.42,186.01
 0:00:40.81, 6269, 466.86,232.36,543.06,323.18,42.85,681.27,131.13
 0:00:40.85, 6270, 466.45,232.40,538.40,320.69,41.91,626.73,216.85
 0:00:40.90, 6271, 467.20,231.39,528.96,331.36,46.06,574.56,226.74
 0:00:40.94, 6272, 449.30,234.55,495.28,319.52,45.71,500.92,242.01
 0:00:40.99, 6273, 443.65,235.25,482.30,319.47,46.64,474.82,262.70
 0:00:41.03, 6274, 445.65,236.03,482.94,318.88,48.16,470.10,266.43
 0:00:41.08, 6275, 448.38,239.13,489.84,322.96,47.82,479.87,263.19
 0:00:41.12, 6276, -2000.00,-2000.00,-2000.00,-2000.00,-2000.00,-2000.00,-2000.00
 0:00:41.17, 6277, -2000.00,-2000.00,-2000.00,-2000.00,-2000.00,-2000.00,-2000.00
 0:00:41.21, 6278, -2000.00,-2000.00,-2000.00,-2000.00,-2000.00,-2000.00,-2000.00
 0:00:41.25, 6279, 295.47,167.50,-2000.00,-2000.00,-2000.00,-15.66,493.88
 0:00:41.30, 6280, 282.93,148.08,-2000.00,-2000.00,-2000.00,-55.06,559.25
 0:00:41.35, 6281, 274.63,135.72,203.95,159.20,64.69,2.88,504.00
 0:00:41.39, 6282, 289.39,147.82,-2000.00,-2000.00,-2000.00,48.27,463.55
 0:00:41.44, 6283, 310.34,155.54,248.82,152.30,51.59,102.69,438.09
 0:00:41.49, 6284, 325.40,161.28,275.63,158.76,57.22,122.71,419.17
 0:00:41.54, 6285, 337.44,163.43,294.41,163.19,55.62,154.95,477.86
 0:00:41.58, 6286, 330.51,157.07,-2000.00,-2000.00,-2000.00,132.51,498.51
 0:00:41.63, 6287, 338.35,163.38,-2000.00,-2000.00,-2000.00,157.98,478.15
 0:00:41.67, 6288, 345.02,167.88,-2000.00,-2000.00,-2000.00,180.18,464.24
 0:00:41.72, 6289, 350.18,169.03,-2000.00,-2000.00,-2000.00,197.49,461.44
 0:00:41.77, 6290, 353.58,170.07,-2000.00,-2000.00,-2000.00,208.91,458.69
 0:00:41.81, 6291, 353.38,168.13,-2000.00,-2000.00,-2000.00,208.17,464.96
 0:00:41.86, 6292, 355.13,168.38,-2000.00,-2000.00,-2000.00,213.99,464.47
 0:00:41.91, 6293, 356.77,169.22,334.86,176.62,56.68,227.96,514.11
 0:00:41.96, 6294, 358.90,169.99,338.17,178.59,56.50,239.99,509.23
 0:00:42.01, 6295, 361.27,169.25,341.85,177.73,56.08,245.23,510.00
 0:00:42.06, 6296, 362.68,168.06,344.29,178.73,55.64,248.65,506.06
 0:00:42.10, 6297, 362.91,165.50,343.91,175.19,55.53,247.13,507.27
 0:00:42.15, 6298, 360.35,167.08,339.62,178.54,55.40,238.80,499.76
 0:00:42.19, 6299, 359.37,167.42,337.23,180.55,55.23,234.58,495.53
 0:00:42.24, 6300, 358.40,167.55,335.58,181.10,55.34,230.93,492.96
 0:00:42.29, 6301, 357.46,167.47,333.69,181.81,55.32,227.59,490.92
 0:00:42.33, 6302, 356.09,167.23,330.18,182.61,54.80,220.25,487.76
 0:00:42.38, 6303, 355.05,167.08,327.58,183.05,55.19,213.67,485.03
 0:00:42.42, 6304, 353.44,168.07,324.88,184.37,54.62,208.11,482.19
 0:00:42.47, 6305, 352.92,168.05,323.40,184.71,54.33,205.32,482.04
 0:00:42.52, 6306, 352.11,168.04,322.40,184.50,54.30,203.24,481.98
 0:00:42.56, 6307, 351.63,167.77,321.38,184.72,54.29,201.91,481.38
 0:00:42.61, 6308, 351.00,167.79,320.19,184.35,54.46,199.54,481.26
 0:00:42.65, 6309, 349.90,167.39,317.88,183.62,54.11,195.04,482.63
 0:00:42.70, 6310, -2000.00,-2000.00,-2000.00,-2000.00,-2000.00,-2000.00,-2000.00
 0:00:42.74, 6311, 444.10,201.04,-2000.00,-2000.00,-2000.00,501.07,374.32
 0:00:42.79, 6312, 448.03,203.55,-2000.00,-2000.00,-2000.00,513.73,365.92
 0:00:42.83, 6313, 441.31,205.38,-2000.00,-2000.00,-2000.00,492.22,359.85
 0:00:42.88, 6314, 435.04,206.11,-2000.00,-2000.00,-2000.00,472.11,357.46
 0:00:42.93, 6315, 430.31,207.00,-2000.00,-2000.00,-2000.00,456.98,354.54
 0:00:42.98, 6316, 437.91,199.46,-2000.00,-2000.00,-2000.00,481.21,379.68
 0:00:43.03, 6317, 437.82,198.78,-2000.00,-2000.00,-2000.00,480.90,381.93
 0:00:43.07, 6318, 433.67,198.55,-2000.00,-2000.00,-2000.00,467.57,382.78
 0:00:43.12, 6319, 426.45,196.24,447.44,207.82,81.22,415.91,464.45
 0:00:43.17, 6320, 413.50,191.08,-2000.00,-2000.00,-2000.00,374.08,481.49
 0:00:43.22, 6321, 427.15,199.91,-2000.00,-2000.00,-2000.00,418.27,452.30
 0:00:43.27, 6322, -2000.00,-2000.00,-2000.00,-2000.00,-2000.00,-2000.00,-2000.00
 0:00:43.31, 6323, -2000.00,-2000.00,-2000.00,-2000.00,-2000.00,-2000.00,-2000.00
 0:00:43.36, 6324, -2000.00,-2000.00,-2000.00,-2000.00,-2000.00,-2000.00,-2000.00
 0:00:43.41, 6325, 440.36,193.78,-2000.00,-2000.00,-2000.00,460.54,472.51
 0:00:43.46, 6326, -2000.00,-2000.00,-2000.00,-2000.00,-2000.00,-2000.00,-2000.00
 0:00:43.50, 6327, 482.73,199.75,-2000.00,-2000.00,-2000.00,596.66,452.53
 0:00:43.55, 6328, 480.39,199.49,-2000.00,-2000.00,-2000.00,589.16,453.39
 0:00:43.60, 6329, 422.92,166.80,-2000.00,-2000.00,-2000.00,403.72,561.71
 0:00:43.65, 6330, 479.68,201.18,-2000.00,-2000.00,-2000.00,586.92,447.76
 0:00:43.70, 6331, 476.18,207.53,-2000.00,-2000.00,-2000.00,575.82,426.61
 0:00:43.75, 6332, 458.29,193.52,-2000.00,-2000.00,-2000.00,518.09,473.30
 0:00:43.80, 6333, 436.50,208.00,-2000.00,-2000.00,-2000.00,448.50,425.32
 0:00:43.85, 6334, 465.70,197.54,-2000.00,-2000.00,-2000.00,541.96,459.93
 0:00:43.90, 6335, 465.06,198.81,-2000.00,-2000.00,-2000.00,539.93,455.68
 0:00:43.95, 6336, 444.67,196.22,-2000.00,-2000.00,-2000.00,474.42,464.38
 0:00:43.00, 6337, 468.37,217.54,-2000.00,-2000.00,-2000.00,550.94,393.23
 0:00:44.05, 6338, 414.71,219.36,-2000.00,-2000.00,-2000.00,378.95,388.25
 0:00:44.09, 6339, 435.25,218.51,-2000.00,-2000.00,-2000.00,444.75,390.33
 0:00:44.14, 6340, 479.86,220.09,-2000.00,-2000.00,-2000.00,587.87,384.66
 0:00:44.19, 6341, 419.70,237.83,-2000.00,-2000.00,-2000.00,395.28,325.85
 0:00:44.24, 6342, -2000.00,-2000.00,-2000.00,-2000.00,-2000.00,-2000.00,-2000.00
 0:00:44.29, 6343, -2000.00,-2000.00,-2000.00,-2000.00,-2000.00,-2000.00,-2000.00
 0:00:44.33, 6344, 319.17,170.81,-2000.00,-2000.00,-2000.00,67.40,542.11
 0:00:44.38, 6345, 284.61,128.78,243.37,164.76,81.88,85.42,516.66
 0:00:44.43, 6346, -2000.00,-2000.00,-2000.00,-2000.00,-2000.00,-2000.00,-2000.00
 0:00:44.48, 6347, 285.38,116.26,-2000.00,-2000.00,-2000.00,88.76,559.09
 0:00:44.53, 6348, 293.17,126.43,-2000.00,-2000.00,-2000.00,113.24,525.17
 0:00:44.58, 6349, 303.89,136.75,-2000.00,-2000.00,-2000.00,147.53,491.31
 0:00:44.62, 6350, 321.72,153.93,266.45,145.92,58.66,161.48,484.37
 0:00:44.67, 6351, 329.11,159.62,-2000.00,-2000.00,-2000.00,186.02,466.60
 0:00:44.72, 6352, 334.01,163.68,-2000.00,-2000.00,-2000.00,202.56,454.22
 0:00:44.77, 6353, 337.34,163.80,-2000.00,-2000.00,-2000.00,213.70,454.47
 0:00:44.81, 6354, 332.99,130.72,-2000.00,-2000.00,-2000.00,199.11,563.23
 0:00:44.86, 6355, 344.22,139.21,-2000.00,-2000.00,-2000.00,235.73,535.96
 0:00:44.91, 6356, 349.08,143.05,-2000.00,-2000.00,-2000.00,251.66,523.73
 0:00:44.96, 6357, 353.43,144.92,-2000.00,-2000.00,-2000.00,265.90,517.94
 0:00:45.01, 6358, 356.27,145.31,-2000.00,-2000.00,-2000.00,275.14,516.85
 0:00:45.06, 6359, 357.57,147.44,-2000.00,-2000.00,-2000.00,279.44,509.98
 0:00:45.10, 6360, 362.66,153.03,-2000.00,-2000.00,-2000.00,296.19,492.05
 0:00:45.15, 6361, 364.46,155.08,-2000.00,-2000.00,-2000.00,302.13,485.46
 0:00:45.20, 6362, 366.87,154.97,-2000.00,-2000.00,-2000.00,309.94,485.88
 0:00:45.25, 6363, 369.28,154.64,-2000.00,-2000.00,-2000.00,317.72,487.04
 0:00:45.30, 6364, 370.94,153.59,-2000.00,-2000.00,-2000.00,323.05,490.54
 0:00:45.35, 6365, 363.40,152.38,343.41,162.00,54.36,241.31,526.21
 0:00:45.40, 6366, 364.65,151.47,344.78,160.94,54.82,243.85,507.06
 0:00:45.44, 6367, 365.19,151.42,346.32,161.81,53.45,245.86,504.38
 0:00:45.49, 6368, 366.23,150.74,347.63,160.85,53.02,248.44,504.75
 0:00:45.54, 6369, 367.51,149.64,349.56,158.52,53.17,250.73,508.22
 0:00:45.58, 6370, 368.64,149.44,350.72,158.02,52.80,251.50,509.21
 0:00:45.63, 6371, 368.84,149.34,351.08,157.04,52.71,250.95,511.28
 0:00:45.67, 6372, 370.28,151.70,352.42,160.78,52.40,252.29,506.59
 0:00:45.72, 6373, 384.67,154.67,382.56,165.10,52.78,307.29,502.72
 0:00:45.77, 6374, 383.32,158.70,381.14,170.71,52.06,310.59,496.80
 0:00:45.81, 6375, 381.52,165.22,376.85,179.73,51.88,303.66,486.98
 0:00:45.86, 6376, 378.31,168.42,372.77,183.41,52.93,296.65,486.81
 0:00:45.90, 6377, 362.82,168.48,349.24,181.98,52.30,261.11,492.12
 0:00:45.95, 6378, 365.07,171.21,351.44,185.39,51.94,269.83,489.57
 0:00:45.99, 6379, 367.57,172.79,354.32,187.57,52.01,271.05,488.83
 0:00:46.04, 6380, 369.14,175.52,356.39,191.37,52.00,271.89,484.69
 0:00:46.09, 6381, 370.16,178.13,358.34,195.18,51.89,274.42,481.19
 0:00:46.13, 6382, 368.04,181.09,354.13,199.75,52.04,266.84,475.99
 0:00:46.18, 6383, 367.91,181.34,353.70,198.03,52.01,265.41,481.32
 0:00:46.22, 6384, 366.92,180.76,352.28,197.69,52.02,262.93,483.72
 0:00:46.27, 6385, 365.96,180.85,350.43,197.23,52.03,260.08,483.83
 0:00:46.31, 6386, 365.13,181.32,348.67,197.36,52.27,256.60,484.63
 0:00:46.36, 6387, 364.25,182.08,347.59,198.91,51.96,254.81,482.94
 0:00:46.40, 6388, 364.00,183.18,346.73,201.19,52.04,253.71,479.20
 0:00:46.45, 6389, 361.62,180.70,342.28,197.46,52.27,245.06,484.21
 0:00:46.50, 6390, 361.47,179.91,342.30,196.41,52.42,245.23,484.25
 0:00:46.54, 6391, 360.74,176.59,341.22,191.42,52.69,243.84,490.78
 0:00:46.59, 6392, 361.89,176.97,343.20,191.95,52.48,247.63,488.33
 0:00:46.63, 6393, 362.64,177.73,344.45,193.92,52.35,249.63,485.27
 0:00:46.68, 6394, 363.08,177.95,345.16,194.43,52.16,250.66,483.99
 0:00:46.72, 6395, 363.53,178.06,345.63,195.53,52.47,251.09,481.74
 0:00:46.77, 6396, 363.60,178.02,345.43,195.43,52.50,250.04,480.94
 0:00:46.82, 6397, 362.84,177.87,343.84,194.81,52.30,246.59,482.00
 0:00:46.86, 6398, 361.69,178.00,342.21,195.69,52.42,243.82,480.52
 0:00:46.91, 6399, 363.54,180.94,345.26,199.07,52.57,249.67,475.94
 0:00:46.95, 6400, 361.91,181.44,342.77,199.83,52.45,245.15,477.41
 0:00:46.00, 6401, 359.78,181.79,339.01,199.00,52.93,239.17,479.57
 0:00:47.05, 6402, 358.68,181.40,336.53,198.32,52.92,234.49,482.05
 0:00:47.09, 6403, 358.73,181.31,336.51,197.88,53.15,233.71,482.75
 0:00:47.14, 6404, 359.23,181.76,337.66,199.40,52.91,235.86,480.36
 0:00:47.18, 6405, 360.02,181.88,339.39,199.03,53.10,239.53,480.75
 0:00:47.23, 6406, 359.07,180.43,336.74,196.55,53.61,234.35,484.97
 0:00:47.27, 6407, 358.02,180.26,336.06,196.14,53.28,232.96,485.14
 0:00:47.32, 6408, 359.14,181.72,338.20,197.79,53.40,238.52,483.40
 0:00:47.36, 6409, 360.40,182.02,340.02,198.79,53.33,241.48,483.08
 0:00:47.41, 6410, 361.76,182.08,342.07,199.41,53.33,244.17,481.52
 0:00:47.46, 6411, 362.02,181.97,342.52,199.00,53.25,244.39,481.76
 0:00:47.50, 6412, 354.67,184.59,322.96,209.16,54.55,204.15,461.34
 0:00:47.55, 6413, 350.94,186.24,323.32,208.97,53.27,202.79,458.21
 0:00:47.59, 6414, 351.62,185.88,323.42,207.55,53.40,211.52,465.07
 0:00:47.64, 6415, 351.83,185.70,324.04,207.24,53.42,211.32,466.27
 0:00:47.68, 6416, 352.16,184.52,324.00,206.00,53.50,210.98,467.60
 0:00:47.73, 6417, 352.50,184.00,324.38,205.45,53.39,210.62,467.00
 0:00:47.78, 6418, 352.75,183.92,324.99,205.63,53.48,211.53,466.07
 0:00:47.82, 6419, 355.88,184.16,330.34,206.95,53.39,221.16,463.63
 0:00:47.87, 6420, 355.76,184.05,330.17,207.02,53.68,220.43,462.44
 0:00:47.91, 6421, 355.68,184.10,329.97,206.55,53.57,220.07,463.16
 0:00:47.96, 6422, 355.45,184.02,329.40,205.55,53.61,218.81,465.73
 0:00:48.01, 6423, 355.36,183.78,329.70,205.26,53.81,219.50,467.01
 0:00:48.05, 6424, 363.92,174.05,346.29,187.65,53.41,250.37,495.28
 0:00:48.10, 6425, 363.89,174.58,346.83,187.97,53.49,253.04,493.04
 0:00:48.14, 6426, 364.16,174.13,347.15,187.57,53.39,254.22,494.25
 0:00:48.19, 6427, 364.40,172.82,346.93,186.13,53.27,253.04,495.37
 0:00:48.23, 6428, 364.92,172.05,347.34,183.77,53.25,252.44,498.29
 0:00:48.28, 6429, 364.88,173.47,347.06,185.83,53.17,251.09,496.19
 0:00:48.33, 6430, 364.82,174.50,347.05,187.46,52.92,250.88,494.65
 0:00:48.37, 6431, 364.72,173.09,346.33,185.70,53.16,249.25,497.38
 0:00:48.42, 6432, 364.75,171.92,346.26,184.49,53.19,248.32,497.55
 0:00:48.46, 6433, 364.50,172.00,345.64,184.81,53.22,246.92,495.69
 0:00:48.51, 6434, 364.02,172.16,344.87,185.16,53.12,245.45,494.90
 0:00:48.56, 6435, 363.60,172.02,344.08,184.23,53.29,244.17,496.65
 0:00:48.60, 6436, 364.11,174.21,344.93,188.81,53.09,245.65,489.91
 0:00:48.65, 6437, 363.85,174.13,344.51,188.96,53.06,244.81,489.33
 0:00:48.69, 6438, 368.57,177.62,356.24,196.22,53.58,268.56,477.93
 0:00:48.74, 6439, 370.78,178.51,357.64,196.64,52.95,272.90,477.86
 0:00:48.78, 6440, 371.00,178.53,357.74,196.33,52.93,269.32,479.90
 0:00:48.83, 6441, 370.97,177.87,357.88,195.94,53.09,269.34,480.42
 0:00:48.87, 6442, 370.73,177.12,357.21,193.70,53.05,268.17,483.33
 0:00:48.92, 6443, 370.95,176.54,356.88,193.60,53.01,266.67,483.68
 0:00:48.97, 6444, 370.85,176.13,356.91,193.24,53.22,265.94,482.87
 0:00:49.01, 6445, 367.93,177.83,351.58,195.68,53.23,256.77,478.71
 0:00:49.06, 6446, 367.93,177.92,351.67,196.09,53.42,257.04,478.99
 0:00:49.10, 6447, 368.05,177.48,351.16,196.50,53.18,255.68,477.43
 0:00:49.15, 6448, 367.93,177.44,350.63,195.64,53.20,253.52,477.77
 0:00:49.19, 6449, 367.78,177.79,350.27,196.28,53.37,252.38,477.54
 0:00:49.24, 6450, 367.11,178.21,349.46,197.32,53.29,251.19,475.81
 0:00:49.29, 6451, 366.86,178.48,348.85,197.67,53.17,250.53,475.15
 0:00:49.33, 6452, 365.09,180.05,346.35,200.17,53.07,246.52,471.55
 0:00:49.38, 6453, 365.13,178.68,346.89,197.96,52.88,248.80,475.59
 0:00:49.42, 6454, 369.93,173.12,356.17,189.20,53.18,266.19,488.29
 0:00:49.47, 6455, 370.04,172.57,356.28,188.44,53.13,266.97,486.72
 0:00:49.52, 6456, 370.22,172.54,356.43,187.71,53.18,266.96,487.86
 0:00:49.56, 6457, 370.70,173.22,356.77,188.31,53.35,266.88,487.99
 0:00:49.61, 6458, 370.75,174.63,357.14,190.40,53.14,267.11,485.84
 0:00:49.65, 6459, 369.93,175.92,356.16,193.61,53.32,266.22,481.18
 0:00:49.70, 6460, 369.45,175.73,354.88,192.78,53.14,264.26,482.06
 0:00:49.74, 6461, 369.92,173.95,356.25,189.21,53.18,266.53,488.29
 0:00:49.79, 6462, 370.66,172.94,357.16,188.17,53.15,268.45,489.49
 0:00:49.84, 6463, 370.59,172.71,356.77,188.00,53.24,266.96,488.51
 0:00:49.88, 6464, 370.56,172.76,357.02,187.14,53.12,267.29,490.07
 0:00:49.93, 6465, 370.93,172.42,357.84,187.44,53.03,269.27,490.15
 0:00:49.97, 6466, 373.09,169.23,361.72,181.12,53.26,276.16,499.36
 0:00:50.02, 6467, 374.81,167.66,364.99,178.70,53.32,281.92,502.87
 0:00:50.06, 6468, 375.97,167.16,367.17,177.90,53.14,285.99,503.32
 0:00:50.11, 6469, 376.41,166.57,367.63,177.74,53.17,286.60,502.85
 0:00:50.15, 6470, 375.87,167.57,366.78,179.65,53.10,284.83,498.69
 0:00:50.20, 6471, 375.00,169.18,365.80,182.00,52.81,283.82,495.47
 0:00:50.25, 6472, 366.87,174.00,351.56,191.31,52.84,259.99,481.14
 0:00:50.29, 6473, 365.09,176.05,346.82,194.62,52.52,251.22,476.46
 0:00:50.34, 6474, 364.45,176.71,345.27,195.19,52.31,246.18,476.64
 0:00:50.38, 6475, 364.07,177.82,344.97,196.27,52.41,245.47,476.29
 0:00:50.43, 6476, 364.71,178.97,345.93,197.27,52.43,247.53,476.66
 0:00:50.47, 6477, 365.43,179.92,347.01,198.50,52.50,248.99,476.49
 0:00:50.52, 6478, 363.50,182.17,343.32,204.41,52.14,242.10,466.82
 0:00:50.57, 6479, 364.09,183.62,345.44,204.48,52.18,246.58,466.89
 0:00:50.61, 6480, 365.82,183.38,348.57,203.86,52.36,253.45,471.19
 0:00:50.66, 6481, 366.26,182.69,349.34,203.30,52.41,254.71,471.84
 0:00:50.70, 6482, 366.60,181.98,349.37,201.80,52.36,254.18,473.38
 0:00:50.75, 6483, 366.65,181.77,349.84,201.52,52.32,254.56,473.84
 0:00:50.80, 6484, 355.35,174.67,329.64,190.42,53.03,219.06,488.57
 0:00:50.84, 6485, 356.13,174.43,331.30,190.33,52.81,222.93,485.20
 0:00:50.89, 6486, 356.96,173.52,332.81,189.08,52.87,225.91,486.64
 0:00:50.93, 6487, 357.43,171.40,333.19,183.57,53.32,226.12,495.57
 0:00:50.98, 6488, 352.22,199.85,-2000.00,-2000.00,-2000.00,210.86,403.69
 0:00:51.02, 6489, 356.77,198.53,331.39,239.49,50.85,223.68,407.91
 0:00:51.07, 6490, 358.54,197.86,333.89,235.86,51.42,226.54,413.64
 0:00:51.12, 6491, 359.60,195.37,335.70,231.72,51.17,228.42,421.92
 0:00:51.16, 6492, 360.79,192.32,337.71,226.65,51.28,231.51,428.49
 0:00:51.21, 6493, 362.17,190.48,340.58,222.31,51.41,236.57,434.66
 0:00:51.25, 6494, 364.45,187.63,343.58,216.76,51.82,241.20,444.06
 0:00:51.30, 6495, 364.79,185.57,344.15,214.19,52.02,240.59,447.05
 0:00:51.34, 6496, 364.30,184.22,344.34,211.65,51.82,241.69,449.35
 0:00:51.39, 6497, 363.85,184.03,343.40,212.04,52.07,241.37,448.15
 0:00:51.44, 6498, 363.28,183.76,342.58,211.02,51.85,239.89,449.14
 0:00:51.48, 6499, 363.26,182.15,341.78,208.13,51.95,237.99,453.91
 0:00:51.53, 6500, 363.02,180.26,341.40,205.36,51.88,236.30,457.32
 0:00:51.58, 6501, 362.77,179.00,341.41,202.48,52.00,236.73,460.97
 0:00:51.62, 6502, 363.11,178.21,341.50,201.01,52.00,237.01,463.60
 0:00:51.67, 6503, 363.00,178.00,341.58,201.21,52.19,236.70,462.83
 0:00:51.71, 6504, 363.45,173.26,342.88,192.09,52.63,239.57,476.64
 0:00:51.76, 6505, 362.74,173.13,341.25,192.35,52.42,237.02,475.35
 0:00:51.80, 6506, 361.81,172.34,339.69,191.33,52.60,233.91,476.03
 0:00:51.85, 6507, 360.84,172.23,337.72,193.96,52.68,230.46,469.61
 0:00:51.90, 6508, 359.92,173.52,336.63,194.24,52.98,228.79,467.25
 0:00:51.94, 6509, 354.79,178.12,329.84,197.69,51.83,219.51,466.72
 0:00:51.99, 6510, 366.36,327.00,-2000.00,-2000.00,-2000.00,261.98,-32.50
 0:00:52.03, 6511, -2000.00,-2000.00,-2000.00,-2000.00,-2000.00,-2000.00,-2000.00
 0:00:52.08, 6512, -2000.00,-2000.00,-2000.00,-2000.00,-2000.00,-2000.00,-2000.00
 0:00:52.12, 6513, 363.61,176.78,-2000.00,-2000.00,-2000.00,248.52,472.25
 0:00:52.17, 6514, 366.03,174.09,346.23,194.76,53.68,248.77,476.14
 0:00:52.22, 6515, 366.28,174.59,346.57,195.27,53.55,243.84,469.93
 0:00:52.26, 6516, 366.29,175.00,346.29,196.80,52.61,243.00,467.62
 0:00:52.31, 6517, 366.07,175.46,345.96,198.37,52.41,242.15,464.01
 0:00:52.36, 6518, 364.59,174.04,343.61,196.18,52.76,238.29,466.35
 0:00:52.40, 6519, 360.94,172.95,336.68,195.24,53.16,226.08,465.99
 0:00:52.45, 6520, 360.31,171.16,335.16,192.91,53.35,222.68,467.57
 0:00:52.49, 6521, 356.71,166.41,329.03,185.94,54.10,211.41,475.57
 0:00:52.54, 6522, 353.32,163.16,322.14,179.69,54.17,198.95,482.14
 0:00:52.58, 6523, 348.03,157.62,312.70,171.39,54.53,181.17,493.10
 0:00:52.63, 6524, -2000.00,-2000.00,-2000.00,-2000.00,-2000.00,-2000.00,-2000.00
 0:00:52.67, 6525, -2000.00,-2000.00,-2000.00,-2000.00,-2000.00,-2000.00,-2000.00
 0:00:52.72, 6526, 441.31,208.00,-2000.00,-2000.00,-2000.00,484.93,329.55
 0:00:52.76, 6527, 431.84,207.22,454.66,226.90,81.10,424.51,426.67
 0:00:52.81, 6528, 422.36,203.58,-2000.00,-2000.00,-2000.00,393.96,438.91
 0:00:52.86, 6529, 419.72,203.75,-2000.00,-2000.00,-2000.00,385.51,438.42
 0:00:52.91, 6530, 418.20,205.00,432.46,255.26,51.63,373.17,412.05
 0:00:52.95, 6531, 416.70,208.00,428.64,257.58,52.24,369.55,374.88
 0:00:53.00, 6532, 411.17,198.00,423.05,248.67,51.19,361.97,387.87
 0:00:53.05, 6533, 411.82,201.55,423.12,251.57,50.85,367.12,372.98
 0:00:53.09, 6534, 413.30,203.58,425.71,254.54,50.50,370.10,373.25
 0:00:53.14, 6535, 418.35,208.27,434.36,261.20,50.25,384.61,364.60
 0:00:53.18, 6536, 420.68,208.91,438.73,261.74,50.01,391.55,367.08
 0:00:53.23, 6537, 422.14,208.72,441.24,261.08,50.16,395.91,369.09
 0:00:53.27, 6538, 423.28,207.38,-2000.00,-2000.00,-2000.00,399.53,373.54
 0:00:53.32, 6539, 423.35,206.79,442.26,257.14,50.62,396.46,375.91
 0:00:53.37, 6540, 417.18,200.00,433.67,250.81,50.22,382.08,382.77
 0:00:53.41, 6541, 419.06,203.82,435.21,255.33,50.22,386.83,368.84
 0:00:53.46, 6542, 420.50,207.84,-2000.00,-2000.00,-2000.00,391.53,355.25
 0:00:53.50, 6543, 422.03,207.97,440.56,263.88,50.06,393.72,357.97
 0:00:53.55, 6544, 423.62,212.85,-2000.00,-2000.00,-2000.00,398.90,341.45
 0:00:53.60, 6545, 424.68,214.23,444.88,270.86,50.05,400.75,349.07
 0:00:53.64, 6546, 425.06,215.81,445.53,273.87,50.13,401.15,350.39
 0:00:53.69, 6547, -2000.00,-2000.00,-2000.00,-2000.00,-2000.00,-2000.00,-2000.00
 0:00:53.73, 6548, 324.36,150.82,-2000.00,-2000.00,-2000.00,73.12,559.95
 0:00:53.78, 6549, 332.52,154.93,-2000.00,-2000.00,-2000.00,99.14,546.51
 0:00:53.82, 6550, 341.42,159.03,-2000.00,-2000.00,-2000.00,127.69,533.28
 0:00:53.87, 6551, 349.28,163.46,-2000.00,-2000.00,-2000.00,153.09,519.03
 0:00:53.92, 6552, 355.35,168.09,-2000.00,-2000.00,-2000.00,172.86,504.17
 0:00:53.97, 6553, 353.29,168.78,-2000.00,-2000.00,-2000.00,166.03,501.61
 0:00:54.01, 6554, 357.50,170.06,331.55,180.32,55.71,205.79,501.20
 0:00:54.06, 6555, 361.97,170.65,340.55,183.03,54.66,235.56,498.14
 0:00:54.11, 6556, 362.80,168.91,341.75,182.14,53.48,238.50,496.71
 0:00:54.16, 6557, 363.11,166.97,341.55,179.87,53.51,237.09,496.70
 0:00:54.20, 6558, 362.83,165.97,341.06,179.68,53.79,235.24,494.25
 0:00:54.25, 6559, 362.70,164.21,340.49,177.79,53.91,233.98,494.46
 0:00:54.29, 6560, 360.95,166.52,337.54,179.34,54.13,228.50,491.58
 0:00:54.34, 6561, 360.16,165.84,337.48,176.83,54.44,229.81,499.59
 0:00:54.38, 6562, 361.73,160.20,340.09,166.57,53.39,235.96,517.11
 0:00:54.43, 6563, 365.07,153.47,344.94,159.20,53.83,243.16,524.87
 0:00:54.48, 6564, 367.17,150.09,347.62,152.15,54.26,245.29,529.82
 0:00:54.52, 6565, 368.91,149.00,350.80,150.99,54.18,249.42,531.51
 0:00:54.57, 6566, 370.60,149.00,-2000.00,-2000.00,-2000.00,254.92,531.64
 0:00:54.61, 6567, 373.06,149.92,-2000.00,-2000.00,-2000.00,262.95,528.80
 0:00:54.66, 6568, 372.94,150.08,-2000.00,-2000.00,-2000.00,262.59,528.27
 0:00:54.71, 6569, 372.51,149.50,-2000.00,-2000.00,-2000.00,261.18,530.15
 0:00:54.75, 6570, 370.76,152.84,-2000.00,-2000.00,-2000.00,255.53,519.04
 0:00:54.80, 6571, -2000.00,-2000.00,-2000.00,-2000.00,-2000.00,-2000.00,-2000.00
 0:00:54.85, 6572, -2000.00,-2000.00,-2000.00,-2000.00,-2000.00,-2000.00,-2000.00
 0:00:54.89, 6573, -2000.00,-2000.00,-2000.00,-2000.00,-2000.00,-2000.00,-2000.00
 0:00:54.94, 6574, 371.54,166.55,355.41,177.87,54.99,257.79,491.47
 0:00:54.99, 6575, 372.27,163.24,356.57,174.10,55.22,259.29,505.27
 0:00:55.04, 6576, 372.46,160.95,355.76,170.12,54.33,256.63,508.17
 0:00:55.08, 6577, 371.90,159.14,354.87,169.04,54.18,253.66,507.83
 0:00:55.13, 6578, 389.55,163.02,-2000.00,-2000.00,-2000.00,311.21,496.31
 0:00:55.18, 6579, 395.76,166.14,398.13,182.01,53.46,330.41,486.10
 0:00:55.22, 6580, 396.18,165.97,398.60,182.52,54.10,330.39,486.08
 0:00:55.27, 6581, 396.84,165.97,399.71,182.43,53.61,331.89,485.39
 0:00:55.31, 6582, 387.36,161.96,-2000.00,-2000.00,-2000.00,301.03,498.14
 0:00:55.36, 6583, 373.03,157.50,357.52,167.46,55.13,257.93,507.32
 0:00:55.41, 6584, 373.92,157.42,358.35,168.14,54.79,260.65,503.56
 0:00:55.45, 6585, 374.65,156.53,359.11,166.80,54.64,260.46,504.60
 0:00:55.50, 6586, 374.81,155.69,358.77,166.06,54.44,258.60,504.76
 0:00:55.54, 6587, 374.71,154.94,358.59,164.38,54.71,257.42,506.51
 0:00:55.59, 6588, 374.86,154.33,358.60,163.46,54.61,257.20,508.00
 0:00:55.64, 6589, 374.57,153.29,358.49,162.48,54.61,257.00,508.68
 0:00:55.68, 6590, 374.44,152.91,358.15,161.60,54.56,256.87,508.96
 0:00:55.73, 6591, 374.35,152.63,358.55,160.82,55.04,257.92,510.49
 0:00:55.77, 6592, 373.96,153.17,357.96,161.29,54.82,257.70,510.27
 0:00:55.82, 6593, 374.11,152.89,358.28,161.27,54.74,258.44,510.69
 0:00:55.87, 6594, 374.33,152.69,358.25,160.71,54.68,258.09,511.08
 0:00:55.91, 6595, 374.68,152.10,358.72,159.24,54.68,258.22,513.80
 0:00:55.96, 6596, 374.83,151.88,359.10,159.20,54.93,258.75,513.94
 0:00:56.00, 6597, 374.88,151.74,359.09,158.87,54.83,258.79,514.06
 0:00:56.05, 6598, 374.94,151.64,359.23,159.34,54.76,258.94,513.02
 0:00:56.09, 6599, 374.77,152.14,359.04,160.84,54.40,258.78,509.62
 0:00:56.14, 6600, 374.71,150.94,358.87,158.85,54.68,258.55,512.10
 0:00:56.18, 6601, 374.64,150.47,359.11,159.37,54.60,259.24,510.05
 0:00:56.23, 6602, 370.55,143.84,354.33,148.82,54.28,253.33,523.97
 0:00:56.28, 6603, 371.04,146.10,354.97,147.32,54.42,257.77,526.59
 0:00:56.32, 6604, 370.89,147.26,354.72,150.02,54.47,257.02,528.49
 0:00:56.37, 6605, 371.13,147.31,-2000.00,-2000.00,-2000.00,257.83,528.34
 0:00:56.41, 6606, 371.53,147.59,354.47,152.23,54.21,255.47,523.68
 0:00:56.46, 6607, 363.46,153.83,340.14,167.86,54.76,228.57,494.32
 0:00:56.50, 6608, 364.07,156.94,340.56,168.33,54.52,229.36,493.36
 0:00:56.55, 6609, 364.23,156.97,341.30,168.99,54.59,230.12,498.22
 0:00:56.60, 6610, 364.59,157.00,341.73,168.12,54.89,231.25,499.52
 0:00:56.64, 6611, 364.73,156.69,341.63,168.75,54.67,230.47,498.81
 0:00:56.69, 6612, 364.65,156.85,341.62,167.60,54.96,230.11,500.07
 0:00:56.73, 6613, 364.12,156.73,341.09,168.11,55.09,229.70,500.42
 0:00:56.78, 6614, 362.38,155.71,338.00,165.81,55.37,224.81,503.30
 0:00:56.82, 6615, 361.83,155.18,337.22,166.48,55.21,223.73,501.54
 0:00:56.87, 6616, 361.33,154.09,336.03,165.47,55.07,221.66,500.62
 0:00:56.92, 6617, 360.03,151.61,333.09,162.44,55.09,215.56,503.04
 0:00:56.96, 6618, 361.56,154.74,-2000.00,-2000.00,-2000.00,220.65,492.92
 0:00:57.01, 6619, 408.68,190.17,-2000.00,-2000.00,-2000.00,375.01,378.81
 0:00:57.05, 6620, 470.19,209.31,-2000.00,-2000.00,-2000.00,572.54,313.54
 0:00:57.10, 6621, 465.25,211.73,-2000.00,-2000.00,-2000.00,556.74,305.48
 0:00:57.15, 6622, 461.65,211.85,-2000.00,-2000.00,-2000.00,545.22,305.09
 0:00:57.19, 6623, 460.25,211.73,-2000.00,-2000.00,-2000.00,540.70,305.49
 0:00:57.24, 6624, 460.02,210.59,-2000.00,-2000.00,-2000.00,539.95,309.30
 0:00:57.29, 6625, 459.12,209.79,500.01,236.27,83.54,498.24,405.30
 0:00:57.34, 6626, 457.17,209.40,496.88,233.75,83.64,473.96,457.91
 0:00:57.39, 6627, 452.60,210.22,-2000.00,-2000.00,-2000.00,459.29,455.23
 0:00:57.44, 6628, 450.86,209.31,-2000.00,-2000.00,-2000.00,453.69,458.26
 0:00:57.48, 6629, 449.15,208.88,-2000.00,-2000.00,-2000.00,448.19,459.67
 0:00:57.53, 6630, 445.40,205.00,-2000.00,-2000.00,-2000.00,436.04,472.57
 0:00:57.58, 6631, 442.19,201.56,-2000.00,-2000.00,-2000.00,425.60,483.99
 0:00:57.63, 6632, -2000.00,-2000.00,-2000.00,-2000.00,-2000.00,-2000.00,-2000.00
 0:00:57.68, 6633, 363.61,175.19,-2000.00,-2000.00,-2000.00,170.43,567.28
 0:00:57.72, 6634, 328.46,146.21,-2000.00,-2000.00,-2000.00,57.80,662.79
 0:00:57.77, 6635, 335.24,149.16,-2000.00,-2000.00,-2000.00,79.50,653.15
 0:00:57.82, 6636, 343.61,152.89,-2000.00,-2000.00,-2000.00,106.31,640.96
 0:00:57.87, 6637, 353.16,159.11,-2000.00,-2000.00,-2000.00,136.96,620.54
 0:00:57.92, 6638, 355.29,160.79,-2000.00,-2000.00,-2000.00,143.81,615.03
 0:00:57.97, 6639, 356.15,161.00,-2000.00,-2000.00,-2000.00,146.57,614.38
 0:00:58.02, 6640, 356.00,160.00,-2000.00,-2000.00,-2000.00,146.11,617.73
 0:00:58.06, 6641, 356.10,158.82,-2000.00,-2000.00,-2000.00,146.45,621.69
 0:00:58.11, 6642, 356.69,158.19,-2000.00,-2000.00,-2000.00,148.39,623.83
 0:00:58.16, 6643, 356.42,157.92,-2000.00,-2000.00,-2000.00,147.52,624.72
 0:00:58.21, 6644, 356.16,157.94,-2000.00,-2000.00,-2000.00,146.66,624.66
 0:00:58.26, 6645, 356.61,157.23,-2000.00,-2000.00,-2000.00,148.15,627.06
 0:00:58.31, 6646, 352.16,158.64,-2000.00,-2000.00,-2000.00,133.74,622.08
 0:00:58.36, 6647, 352.87,158.97,-2000.00,-2000.00,-2000.00,136.04,621.01
 0:00:58.41, 6648, 353.47,159.09,-2000.00,-2000.00,-2000.00,137.97,620.66
 0:00:58.46, 6649, 353.63,159.37,-2000.00,-2000.00,-2000.00,138.47,619.71
 0:00:58.51, 6650, 354.39,157.11,-2000.00,-2000.00,-2000.00,140.96,627.33
 0:00:58.55, 6651, 354.91,155.44,-2000.00,-2000.00,-2000.00,142.69,632.97
 0:00:58.60, 6652, 354.05,154.80,-2000.00,-2000.00,-2000.00,139.92,635.07
 0:00:58.65, 6653, 353.07,154.54,-2000.00,-2000.00,-2000.00,136.77,635.89
 0:00:58.70, 6654, 352.97,152.60,-2000.00,-2000.00,-2000.00,136.48,642.40
 0:00:58.75, 6655, 351.14,148.65,-2000.00,-2000.00,-2000.00,130.63,655.56
 0:00:58.80, 6656, 356.69,154.88,-2000.00,-2000.00,-2000.00,148.42,634.96
 0:00:58.85, 6657, 404.80,188.11,-2000.00,-2000.00,-2000.00,304.59,527.55
 0:00:58.89, 6658, 443.35,202.91,497.58,245.26,40.86,497.13,428.02
 0:00:58.94, 6659, 450.75,204.53,499.30,255.28,50.15,524.18,381.20
 0:00:58.99, 6660, 430.19,201.94,464.64,249.01,50.64,450.76,385.03
 0:00:59.04, 6661, 423.70,201.93,441.61,248.05,51.91,405.28,388.60
 0:00:59.08, 6662, 419.23,205.25,438.32,256.84,49.10,389.36,374.27
 0:00:59.13, 6663, 418.83,206.61,436.07,257.04,49.13,390.45,372.99
 0:00:59.17, 6664, 419.50,210.51,437.33,267.72,48.91,390.85,356.60
 0:00:59.22, 6665, 419.66,211.97,439.12,271.89,48.93,395.31,345.89
 0:00:59.26, 6666, 418.89,208.64,-2000.00,-2000.00,-2000.00,392.80,357.15
 0:00:59.31, 6667, 417.52,201.21,433.79,250.29,49.48,386.55,380.45
 0:00:59.35, 6668, 418.00,201.18,434.68,247.55,49.67,386.27,386.19
 0:00:59.40, 6669, 419.05,201.27,436.49,248.37,49.48,389.34,387.35
 0:00:59.44, 6670, 419.41,201.98,437.08,248.88,49.52,390.16,386.29
 0:00:59.49, 6671, 420.32,202.00,438.48,249.15,50.07,392.29,386.70
 0:00:59.53, 6672, 420.70,201.43,438.66,248.84,49.99,391.84,386.52
 0:00:59.58, 6673, 420.91,201.03,440.08,247.46,50.24,394.50,388.16
 0:00:59.62, 6674, 421.41,200.91,440.06,248.25,49.79,395.05,386.93
 0:00:59.67, 6675, 421.62,201.39,440.88,247.85,50.62,395.63,387.17
 0:00:59.71, 6676, 421.42,201.44,440.45,251.16,49.69,395.41,381.54
 0:00:59.76, 6677, 421.00,201.90,439.71,251.71,50.01,394.11,377.36
 0:00:59.81, 6678, 420.94,202.24,439.71,252.51,50.32,394.23,376.41
 0:00:59.85, 6679, 422.75,203.89,442.85,256.61,49.86,399.78,369.01
 0:00:59.90, 6680, 424.91,206.22,447.37,259.18,49.89,407.95,364.93
 0:00:59.94, 6681, 427.80,211.00,-2000.00,-2000.00,-2000.00,417.31,348.78
 0:00:59.99, 6682, 405.56,197.63,411.77,239.89,49.75,346.02,401.09